exam	section	question	page	source	image	width	height
2027 9모	공통	1	1	평가원 수학/2027 9모/2027 9모.pdf	평가원 수학/2027 9모/Questions/공통/2027 9모 공통 01번.png	895	240
2027 9모	공통	2	1	평가원 수학/2027 9모/2027 9모.pdf	평가원 수학/2027 9모/Questions/공통/2027 9모 공통 02번.png	1016	283
2027 9모	공통	3	1	평가원 수학/2027 9모/2027 9모.pdf	평가원 수학/2027 9모/Questions/공통/2027 9모 공통 03번.png	915	377
2027 9모	공통	4	1	평가원 수학/2027 9모/2027 9모.pdf	평가원 수학/2027 9모/Questions/공통/2027 9모 공통 04번.png	958	470
2027 9모	공통	5	2	평가원 수학/2027 9모/2027 9모.pdf	평가원 수학/2027 9모/Questions/공통/2027 9모 공통 05번.png	915	224
2027 9모	공통	6	2	평가원 수학/2027 9모/2027 9모.pdf	평가원 수학/2027 9모/Questions/공통/2027 9모 공통 06번.png	899	305
2027 9모	공통	7	2	평가원 수학/2027 9모/2027 9모.pdf	평가원 수학/2027 9모/Questions/공통/2027 9모 공통 07번.png	913	237
2027 9모	공통	8	3	평가원 수학/2027 9모/2027 9모.pdf	평가원 수학/2027 9모/Questions/공통/2027 9모 공통 08번.png	999	543
2027 9모	공통	9	3	평가원 수학/2027 9모/2027 9모.pdf	평가원 수학/2027 9모/Questions/공통/2027 9모 공통 09번.png	944	490
2027 9모	공통	10	3	평가원 수학/2027 9모/2027 9모.pdf	평가원 수학/2027 9모/Questions/공통/2027 9모 공통 10번.png	950	348
2027 9모	공통	11	4	평가원 수학/2027 9모/2027 9모.pdf	평가원 수학/2027 9모/Questions/공통/2027 9모 공통 11번.png	912	413
2027 9모	공통	12	4	평가원 수학/2027 9모/2027 9모.pdf	평가원 수학/2027 9모/Questions/공통/2027 9모 공통 12번.png	941	1229
2027 9모	공통	13	5	평가원 수학/2027 9모/2027 9모.pdf	평가원 수학/2027 9모/Questions/공통/2027 9모 공통 13번.png	1013	1171
2027 9모	공통	14	5	평가원 수학/2027 9모/2027 9모.pdf	평가원 수학/2027 9모/Questions/공통/2027 9모 공통 14번.png	926	617
2027 9모	공통	15	6	평가원 수학/2027 9모/2027 9모.pdf	평가원 수학/2027 9모/Questions/공통/2027 9모 공통 15번.png	1011	658
2027 9모	공통	16	6	평가원 수학/2027 9모/2027 9모.pdf	평가원 수학/2027 9모/Questions/공통/2027 9모 공통 16번.png	817	146
2027 9모	공통	17	6	평가원 수학/2027 9모/2027 9모.pdf	평가원 수학/2027 9모/Questions/공통/2027 9모 공통 17번.png	809	147
2027 9모	공통	18	7	평가원 수학/2027 9모/2027 9모.pdf	평가원 수학/2027 9모/Questions/공통/2027 9모 공통 18번.png	879	406
2027 9모	공통	19	7	평가원 수학/2027 9모/2027 9모.pdf	평가원 수학/2027 9모/Questions/공통/2027 9모 공통 19번.png	965	207
2027 9모	공통	20	7	평가원 수학/2027 9모/2027 9모.pdf	평가원 수학/2027 9모/Questions/공통/2027 9모 공통 20번.png	1014	2420
2027 9모	공통	21	8	평가원 수학/2027 9모/2027 9모.pdf	평가원 수학/2027 9모/Questions/공통/2027 9모 공통 21번.png	1014	633
2027 9모	공통	22	8	평가원 수학/2027 9모/2027 9모.pdf	평가원 수학/2027 9모/Questions/공통/2027 9모 공통 22번.png	1015	694
2027 9모	확통	23	9	평가원 수학/2027 9모/2027 9모.pdf	평가원 수학/2027 9모/Questions/확통/2027 9모 확통 23번.png	950	235
2027 9모	확통	24	9	평가원 수학/2027 9모/2027 9모.pdf	평가원 수학/2027 9모/Questions/확통/2027 9모 확통 24번.png	912	446
2027 9모	확통	25	10	평가원 수학/2027 9모/2027 9모.pdf	평가원 수학/2027 9모/Questions/확통/2027 9모 확통 25번.png	915	229
2027 9모	확통	26	10	평가원 수학/2027 9모/2027 9모.pdf	평가원 수학/2027 9모/Questions/확통/2027 9모 확통 26번.png	1015	333
2027 9모	확통	27	11	평가원 수학/2027 9모/2027 9모.pdf	평가원 수학/2027 9모/Questions/확통/2027 9모 확통 27번.png	1002	568
2027 9모	확통	28	11	평가원 수학/2027 9모/2027 9모.pdf	평가원 수학/2027 9모/Questions/확통/2027 9모 확통 28번.png	1015	1278
2027 9모	확통	29	12	평가원 수학/2027 9모/2027 9모.pdf	평가원 수학/2027 9모/Questions/확통/2027 9모 확통 29번.png	1014	356
2027 9모	확통	30	12	평가원 수학/2027 9모/2027 9모.pdf	평가원 수학/2027 9모/Questions/확통/2027 9모 확통 30번.png	996	832
2027 9모	미적	23	13	평가원 수학/2027 9모/2027 9모.pdf	평가원 수학/2027 9모/Questions/미적/2027 9모 미적 23번.png	897	253
2027 9모	미적	24	13	평가원 수학/2027 9모/2027 9모.pdf	평가원 수학/2027 9모/Questions/미적/2027 9모 미적 24번.png	964	225
2027 9모	미적	25	14	평가원 수학/2027 9모/2027 9모.pdf	평가원 수학/2027 9모/Questions/미적/2027 9모 미적 25번.png	982	425
2027 9모	미적	26	14	평가원 수학/2027 9모/2027 9모.pdf	평가원 수학/2027 9모/Questions/미적/2027 9모 미적 26번.png	928	1326
2027 9모	미적	27	15	평가원 수학/2027 9모/2027 9모.pdf	평가원 수학/2027 9모/Questions/미적/2027 9모 미적 27번.png	1016	625
2027 9모	미적	28	15	평가원 수학/2027 9모/2027 9모.pdf	평가원 수학/2027 9모/Questions/미적/2027 9모 미적 28번.png	1008	1245
2027 9모	미적	29	16	평가원 수학/2027 9모/2027 9모.pdf	평가원 수학/2027 9모/Questions/미적/2027 9모 미적 29번.png	1014	815
2027 9모	미적	30	16	평가원 수학/2027 9모/2027 9모.pdf	평가원 수학/2027 9모/Questions/미적/2027 9모 미적 30번.png	1005	476
2027 9모	기하	23	17	평가원 수학/2027 9모/2027 9모.pdf	평가원 수학/2027 9모/Questions/기하/2027 9모 기하 23번.png	953	246
2027 9모	기하	24	17	평가원 수학/2027 9모/2027 9모.pdf	평가원 수학/2027 9모/Questions/기하/2027 9모 기하 24번.png	967	294
2027 9모	기하	25	18	평가원 수학/2027 9모/2027 9모.pdf	평가원 수학/2027 9모/Questions/기하/2027 9모 기하 25번.png	973	246
2027 9모	기하	26	18	평가원 수학/2027 9모/2027 9모.pdf	평가원 수학/2027 9모/Questions/기하/2027 9모 기하 26번.png	988	998
2027 9모	기하	27	19	평가원 수학/2027 9모/2027 9모.pdf	평가원 수학/2027 9모/Questions/기하/2027 9모 기하 27번.png	983	518
2027 9모	기하	28	19	평가원 수학/2027 9모/2027 9모.pdf	평가원 수학/2027 9모/Questions/기하/2027 9모 기하 28번.png	1014	1254
2027 9모	기하	29	20	평가원 수학/2027 9모/2027 9모.pdf	평가원 수학/2027 9모/Questions/기하/2027 9모 기하 29번.png	990	1112
2027 9모	기하	30	20	평가원 수학/2027 9모/2027 9모.pdf	평가원 수학/2027 9모/Questions/기하/2027 9모 기하 30번.png	1015	567
2027 6모	공통	1	1	평가원 수학/2027 6모/2027 6모 확통.pdf	평가원 수학/2027 6모/Questions/공통/2027 6모 공통 01번.png	895	249
2027 6모	공통	2	1	평가원 수학/2027 6모/2027 6모 확통.pdf	평가원 수학/2027 6모/Questions/공통/2027 6모 공통 02번.png	1016	283
2027 6모	공통	3	1	평가원 수학/2027 6모/2027 6모 확통.pdf	평가원 수학/2027 6모/Questions/공통/2027 6모 공통 03번.png	915	475
2027 6모	공통	4	1	평가원 수학/2027 6모/2027 6모 확통.pdf	평가원 수학/2027 6모/Questions/공통/2027 6모 공통 04번.png	898	949
2027 6모	공통	5	2	평가원 수학/2027 6모/2027 6모 확통.pdf	평가원 수학/2027 6모/Questions/공통/2027 6모 공통 05번.png	1016	237
2027 6모	공통	6	2	평가원 수학/2027 6모/2027 6모 확통.pdf	평가원 수학/2027 6모/Questions/공통/2027 6모 공통 06번.png	1016	274
2027 6모	공통	7	2	평가원 수학/2027 6모/2027 6모 확통.pdf	평가원 수학/2027 6모/Questions/공통/2027 6모 공통 07번.png	1010	237
2027 6모	공통	8	3	평가원 수학/2027 6모/2027 6모 확통.pdf	평가원 수학/2027 6모/Questions/공통/2027 6모 공통 08번.png	928	445
2027 6모	공통	9	3	평가원 수학/2027 6모/2027 6모 확통.pdf	평가원 수학/2027 6모/Questions/공통/2027 6모 공통 09번.png	1017	548
2027 6모	공통	10	3	평가원 수학/2027 6모/2027 6모 확통.pdf	평가원 수학/2027 6모/Questions/공통/2027 6모 공통 10번.png	910	412
2027 6모	공통	11	4	평가원 수학/2027 6모/2027 6모 확통.pdf	평가원 수학/2027 6모/Questions/공통/2027 6모 공통 11번.png	955	489
2027 6모	공통	12	4	평가원 수학/2027 6모/2027 6모 확통.pdf	평가원 수학/2027 6모/Questions/공통/2027 6모 공통 12번.png	895	416
2027 6모	공통	13	5	평가원 수학/2027 6모/2027 6모 확통.pdf	평가원 수학/2027 6모/Questions/공통/2027 6모 공통 13번.png	1014	1022
2027 6모	공통	14	5	평가원 수학/2027 6모/2027 6모 확통.pdf	평가원 수학/2027 6모/Questions/공통/2027 6모 공통 14번.png	1010	445
2027 6모	공통	15	6	평가원 수학/2027 6모/2027 6모 확통.pdf	평가원 수학/2027 6모/Questions/공통/2027 6모 공통 15번.png	1014	699
2027 6모	공통	16	6	평가원 수학/2027 6모/2027 6모 확통.pdf	평가원 수학/2027 6모/Questions/공통/2027 6모 공통 16번.png	1013	188
2027 6모	공통	17	6	평가원 수학/2027 6모/2027 6모 확통.pdf	평가원 수학/2027 6모/Questions/공통/2027 6모 공통 17번.png	999	147
2027 6모	공통	18	7	평가원 수학/2027 6모/2027 6모 확통.pdf	평가원 수학/2027 6모/Questions/공통/2027 6모 공통 18번.png	575	283
2027 6모	공통	19	7	평가원 수학/2027 6모/2027 6모 확통.pdf	평가원 수학/2027 6모/Questions/공통/2027 6모 공통 19번.png	940	147
2027 6모	공통	20	7	평가원 수학/2027 6모/2027 6모 확통.pdf	평가원 수학/2027 6모/Questions/공통/2027 6모 공통 20번.png	1016	2245
2027 6모	공통	21	8	평가원 수학/2027 6모/2027 6모 확통.pdf	평가원 수학/2027 6모/Questions/공통/2027 6모 공통 21번.png	1016	451
2027 6모	공통	22	8	평가원 수학/2027 6모/2027 6모 확통.pdf	평가원 수학/2027 6모/Questions/공통/2027 6모 공통 22번.png	1020	2821
2027 6모	확통	23	9	평가원 수학/2027 6모/2027 6모 확통.pdf	평가원 수학/2027 6모/Questions/확통/2027 6모 확통 23번.png	955	235
2027 6모	확통	24	9	평가원 수학/2027 6모/2027 6모 확통.pdf	평가원 수학/2027 6모/Questions/확통/2027 6모 확통 24번.png	928	451
2027 6모	확통	25	10	평가원 수학/2027 6모/2027 6모 확통.pdf	평가원 수학/2027 6모/Questions/확통/2027 6모 확통 25번.png	983	179
2027 6모	확통	26	10	평가원 수학/2027 6모/2027 6모 확통.pdf	평가원 수학/2027 6모/Questions/확통/2027 6모 확통 26번.png	960	391
2027 6모	확통	27	11	평가원 수학/2027 6모/2027 6모 확통.pdf	평가원 수학/2027 6모/Questions/확통/2027 6모 확통 27번.png	934	294
2027 6모	확통	28	11	평가원 수학/2027 6모/2027 6모 확통.pdf	평가원 수학/2027 6모/Questions/확통/2027 6모 확통 28번.png	1017	1312
2027 6모	확통	29	12	평가원 수학/2027 6모/2027 6모 확통.pdf	평가원 수학/2027 6모/Questions/확통/2027 6모 확통 29번.png	1006	304
2027 6모	확통	30	12	평가원 수학/2027 6모/2027 6모 확통.pdf	평가원 수학/2027 6모/Questions/확통/2027 6모 확통 30번.png	1011	261
2027 6모	미적	23	9	평가원 수학/2027 6모/2027 6모 미적.pdf	평가원 수학/2027 6모/Questions/미적/2027 6모 미적 23번.png	898	229
2027 6모	미적	24	9	평가원 수학/2027 6모/2027 6모 미적.pdf	평가원 수학/2027 6모/Questions/미적/2027 6모 미적 24번.png	926	278
2027 6모	미적	25	10	평가원 수학/2027 6모/2027 6모 미적.pdf	평가원 수학/2027 6모/Questions/미적/2027 6모 미적 25번.png	928	333
2027 6모	미적	26	10	평가원 수학/2027 6모/2027 6모 미적.pdf	평가원 수학/2027 6모/Questions/미적/2027 6모 미적 26번.png	1004	439
2027 6모	미적	27	11	평가원 수학/2027 6모/2027 6모 미적.pdf	평가원 수학/2027 6모/Questions/미적/2027 6모 미적 27번.png	997	605
2027 6모	미적	28	11	평가원 수학/2027 6모/2027 6모 미적.pdf	평가원 수학/2027 6모/Questions/미적/2027 6모 미적 28번.png	991	1324
2027 6모	미적	29	12	평가원 수학/2027 6모/2027 6모 미적.pdf	평가원 수학/2027 6모/Questions/미적/2027 6모 미적 29번.png	1017	580
2027 6모	미적	30	12	평가원 수학/2027 6모/2027 6모 미적.pdf	평가원 수학/2027 6모/Questions/미적/2027 6모 미적 30번.png	1016	476
2027 6모	기하	23	9	평가원 수학/2027 6모/2027 6모 기하.pdf	평가원 수학/2027 6모/Questions/기하/2027 6모 기하 23번.png	979	246
2027 6모	기하	24	9	평가원 수학/2027 6모/2027 6모 기하.pdf	평가원 수학/2027 6모/Questions/기하/2027 6모 기하 24번.png	1015	237
2027 6모	기하	25	10	평가원 수학/2027 6모/2027 6모 기하.pdf	평가원 수학/2027 6모/Questions/기하/2027 6모 기하 25번.png	965	385
2027 6모	기하	26	10	평가원 수학/2027 6모/2027 6모 기하.pdf	평가원 수학/2027 6모/Questions/기하/2027 6모 기하 26번.png	999	281
2027 6모	기하	27	11	평가원 수학/2027 6모/2027 6모 기하.pdf	평가원 수학/2027 6모/Questions/기하/2027 6모 기하 27번.png	1017	791
2027 6모	기하	28	11	평가원 수학/2027 6모/2027 6모 기하.pdf	평가원 수학/2027 6모/Questions/기하/2027 6모 기하 28번.png	1017	1326
2027 6모	기하	29	12	평가원 수학/2027 6모/2027 6모 기하.pdf	평가원 수학/2027 6모/Questions/기하/2027 6모 기하 29번.png	993	1314
2027 6모	기하	30	12	평가원 수학/2027 6모/2027 6모 기하.pdf	평가원 수학/2027 6모/Questions/기하/2027 6모 기하 30번.png	1014	1009
2026 수능	공통	1	1	평가원 수학/2026 수능/2026 수능 확통.pdf	평가원 수학/2026 수능/Questions/공통/2026 수능 공통 01번.png	895	211
2026 수능	공통	2	1	평가원 수학/2026 수능/2026 수능 확통.pdf	평가원 수학/2026 수능/Questions/공통/2026 수능 공통 02번.png	963	283
2026 수능	공통	3	1	평가원 수학/2026 수능/2026 수능 확통.pdf	평가원 수학/2026 수능/Questions/공통/2026 수능 공통 03번.png	1016	262
2026 수능	공통	4	1	평가원 수학/2026 수능/2026 수능 확통.pdf	평가원 수학/2026 수능/Questions/공통/2026 수능 공통 04번.png	960	445
2026 수능	공통	5	2	평가원 수학/2026 수능/2026 수능 확통.pdf	평가원 수학/2026 수능/Questions/공통/2026 수능 공통 05번.png	1016	183
2026 수능	공통	6	2	평가원 수학/2026 수능/2026 수능 확통.pdf	평가원 수학/2026 수능/Questions/공통/2026 수능 공통 06번.png	912	452
2026 수능	공통	7	2	평가원 수학/2026 수능/2026 수능 확통.pdf	평가원 수학/2026 수능/Questions/공통/2026 수능 공통 07번.png	928	1121
2026 수능	공통	8	3	평가원 수학/2026 수능/2026 수능 확통.pdf	평가원 수학/2026 수능/Questions/공통/2026 수능 공통 08번.png	1016	331
2026 수능	공통	9	3	평가원 수학/2026 수능/2026 수능 확통.pdf	평가원 수학/2026 수능/Questions/공통/2026 수능 공통 09번.png	1016	426
2026 수능	공통	10	3	평가원 수학/2026 수능/2026 수능 확통.pdf	평가원 수학/2026 수능/Questions/공통/2026 수능 공통 10번.png	1015	461
2026 수능	공통	11	4	평가원 수학/2026 수능/2026 수능 확통.pdf	평가원 수학/2026 수능/Questions/공통/2026 수능 공통 11번.png	1014	1017
2026 수능	공통	12	4	평가원 수학/2026 수능/2026 수능 확통.pdf	평가원 수학/2026 수능/Questions/공통/2026 수능 공통 12번.png	926	416
2026 수능	공통	13	5	평가원 수학/2026 수능/2026 수능 확통.pdf	평가원 수학/2026 수능/Questions/공통/2026 수능 공통 13번.png	943	415
2026 수능	공통	14	5	평가원 수학/2026 수능/2026 수능 확통.pdf	평가원 수학/2026 수능/Questions/공통/2026 수능 공통 14번.png	1015	1501
2026 수능	공통	15	6	평가원 수학/2026 수능/2026 수능 확통.pdf	평가원 수학/2026 수능/Questions/공통/2026 수능 공통 15번.png	932	998
2026 수능	공통	16	6	평가원 수학/2026 수능/2026 수능 확통.pdf	평가원 수학/2026 수능/Questions/공통/2026 수능 공통 16번.png	869	288
2026 수능	공통	17	6	평가원 수학/2026 수능/2026 수능 확통.pdf	평가원 수학/2026 수능/Questions/공통/2026 수능 공통 17번.png	898	148
2026 수능	공통	18	7	평가원 수학/2026 수능/2026 수능 확통.pdf	평가원 수학/2026 수능/Questions/공통/2026 수능 공통 18번.png	778	182
2026 수능	공통	19	7	평가원 수학/2026 수능/2026 수능 확통.pdf	평가원 수학/2026 수능/Questions/공통/2026 수능 공통 19번.png	908	275
2026 수능	공통	20	7	평가원 수학/2026 수능/2026 수능 확통.pdf	평가원 수학/2026 수능/Questions/공통/2026 수능 공통 20번.png	1016	1855
2026 수능	공통	21	8	평가원 수학/2026 수능/2026 수능 확통.pdf	평가원 수학/2026 수능/Questions/공통/2026 수능 공통 21번.png	1017	990
2026 수능	공통	22	8	평가원 수학/2026 수능/2026 수능 확통.pdf	평가원 수학/2026 수능/Questions/공통/2026 수능 공통 22번.png	997	511
2026 수능	확통	23	9	평가원 수학/2026 수능/2026 수능 확통.pdf	평가원 수학/2026 수능/Questions/확통/2026 수능 확통 23번.png	962	235
2026 수능	확통	24	9	평가원 수학/2026 수능/2026 수능 확통.pdf	평가원 수학/2026 수능/Questions/확통/2026 수능 확통 24번.png	928	446
2026 수능	확통	25	10	평가원 수학/2026 수능/2026 수능 확통.pdf	평가원 수학/2026 수능/Questions/확통/2026 수능 확통 25번.png	993	874
2026 수능	확통	26	10	평가원 수학/2026 수능/2026 수능 확통.pdf	평가원 수학/2026 수능/Questions/확통/2026 수능 확통 26번.png	922	467
2026 수능	확통	27	11	평가원 수학/2026 수능/2026 수능 확통.pdf	평가원 수학/2026 수능/Questions/확통/2026 수능 확통 27번.png	983	536
2026 수능	확통	28	11	평가원 수학/2026 수능/2026 수능 확통.pdf	평가원 수학/2026 수능/Questions/확통/2026 수능 확통 28번.png	1017	1245
2026 수능	확통	29	12	평가원 수학/2026 수능/2026 수능 확통.pdf	평가원 수학/2026 수능/Questions/확통/2026 수능 확통 29번.png	1019	1028
2026 수능	확통	30	12	평가원 수학/2026 수능/2026 수능 확통.pdf	평가원 수학/2026 수능/Questions/확통/2026 수능 확통 30번.png	1017	583
2026 수능	미적	23	9	평가원 수학/2026 수능/2026 수능 미적.pdf	평가원 수학/2026 수능/Questions/미적/2026 수능 미적 23번.png	898	220
2026 수능	미적	24	9	평가원 수학/2026 수능/2026 수능 미적.pdf	평가원 수학/2026 수능/Questions/미적/2026 수능 미적 24번.png	912	273
2026 수능	미적	25	10	평가원 수학/2026 수능/2026 수능 미적.pdf	평가원 수학/2026 수능/Questions/미적/2026 수능 미적 25번.png	912	489
2026 수능	미적	26	10	평가원 수학/2026 수능/2026 수능 미적.pdf	평가원 수학/2026 수능/Questions/미적/2026 수능 미적 26번.png	986	1079
2026 수능	미적	27	11	평가원 수학/2026 수능/2026 수능 미적.pdf	평가원 수학/2026 수능/Questions/미적/2026 수능 미적 27번.png	1007	568
2026 수능	미적	28	11	평가원 수학/2026 수능/2026 수능 미적.pdf	평가원 수학/2026 수능/Questions/미적/2026 수능 미적 28번.png	974	740
2026 수능	미적	29	12	평가원 수학/2026 수능/2026 수능 미적.pdf	평가원 수학/2026 수능/Questions/미적/2026 수능 미적 29번.png	1017	918
2026 수능	미적	30	12	평가원 수학/2026 수능/2026 수능 미적.pdf	평가원 수학/2026 수능/Questions/미적/2026 수능 미적 30번.png	1017	815
2026 수능	기하	23	9	평가원 수학/2026 수능/2026 수능 기하.pdf	평가원 수학/2026 수능/Questions/기하/2026 수능 기하 23번.png	898	256
2026 수능	기하	24	9	평가원 수학/2026 수능/2026 수능 기하.pdf	평가원 수학/2026 수능/Questions/기하/2026 수능 기하 24번.png	1001	179
2026 수능	기하	25	10	평가원 수학/2026 수능/2026 수능 기하.pdf	평가원 수학/2026 수능/Questions/기하/2026 수능 기하 25번.png	990	344
2026 수능	기하	26	10	평가원 수학/2026 수능/2026 수능 기하.pdf	평가원 수학/2026 수능/Questions/기하/2026 수능 기하 26번.png	1015	458
2026 수능	기하	27	11	평가원 수학/2026 수능/2026 수능 기하.pdf	평가원 수학/2026 수능/Questions/기하/2026 수능 기하 27번.png	988	1199
2026 수능	기하	28	11	평가원 수학/2026 수능/2026 수능 기하.pdf	평가원 수학/2026 수능/Questions/기하/2026 수능 기하 28번.png	1016	1371
2026 수능	기하	29	12	평가원 수학/2026 수능/2026 수능 기하.pdf	평가원 수학/2026 수능/Questions/기하/2026 수능 기하 29번.png	982	1131
2026 수능	기하	30	12	평가원 수학/2026 수능/2026 수능 기하.pdf	평가원 수학/2026 수능/Questions/기하/2026 수능 기하 30번.png	981	503
2026 9모	공통	1	1	평가원 수학/2026 9모/2026 9모 확통.pdf	평가원 수학/2026 9모/Questions/공통/2026 9모 공통 01번.png	911	267
2026 9모	공통	2	1	평가원 수학/2026 9모/2026 9모 확통.pdf	평가원 수학/2026 9모/Questions/공통/2026 9모 공통 02번.png	952	284
2026 9모	공통	3	1	평가원 수학/2026 9모/2026 9모 확통.pdf	평가원 수학/2026 9모/Questions/공통/2026 9모 공통 03번.png	1016	288
2026 9모	공통	4	1	평가원 수학/2026 9모/2026 9모 확통.pdf	평가원 수학/2026 9모/Questions/공통/2026 9모 공통 04번.png	955	1045
2026 9모	공통	5	2	평가원 수학/2026 9모/2026 9모 확통.pdf	평가원 수학/2026 9모/Questions/공통/2026 9모 공통 05번.png	1016	180
2026 9모	공통	6	2	평가원 수학/2026 9모/2026 9모 확통.pdf	평가원 수학/2026 9모/Questions/공통/2026 9모 공통 06번.png	935	256
2026 9모	공통	7	2	평가원 수학/2026 9모/2026 9모 확통.pdf	평가원 수학/2026 9모/Questions/공통/2026 9모 공통 07번.png	914	237
2026 9모	공통	8	3	평가원 수학/2026 9모/2026 9모 확통.pdf	평가원 수학/2026 9모/Questions/공통/2026 9모 공통 08번.png	914	374
2026 9모	공통	9	3	평가원 수학/2026 9모/2026 9모 확통.pdf	평가원 수학/2026 9모/Questions/공통/2026 9모 공통 09번.png	898	293
2026 9모	공통	10	3	평가원 수학/2026 9모/2026 9모 확통.pdf	평가원 수학/2026 9모/Questions/공통/2026 9모 공통 10번.png	912	490
2026 9모	공통	11	4	평가원 수학/2026 9모/2026 9모 확통.pdf	평가원 수학/2026 9모/Questions/공통/2026 9모 공통 11번.png	1014	789
2026 9모	공통	12	4	평가원 수학/2026 9모/2026 9모 확통.pdf	평가원 수학/2026 9모/Questions/공통/2026 9모 공통 12번.png	929	542
2026 9모	공통	13	5	평가원 수학/2026 9모/2026 9모 확통.pdf	평가원 수학/2026 9모/Questions/공통/2026 9모 공통 13번.png	1014	514
2026 9모	공통	14	5	평가원 수학/2026 9모/2026 9모 확통.pdf	평가원 수학/2026 9모/Questions/공통/2026 9모 공통 14번.png	1005	1586
2026 9모	공통	15	6	평가원 수학/2026 9모/2026 9모 확통.pdf	평가원 수학/2026 9모/Questions/공통/2026 9모 공통 15번.png	1014	775
2026 9모	공통	16	6	평가원 수학/2026 9모/2026 9모 확통.pdf	평가원 수학/2026 9모/Questions/공통/2026 9모 공통 16번.png	869	283
2026 9모	공통	17	6	평가원 수학/2026 9모/2026 9모 확통.pdf	평가원 수학/2026 9모/Questions/공통/2026 9모 공통 17번.png	864	147
2026 9모	공통	18	7	평가원 수학/2026 9모/2026 9모 확통.pdf	평가원 수학/2026 9모/Questions/공통/2026 9모 공통 18번.png	587	283
2026 9모	공통	19	7	평가원 수학/2026 9모/2026 9모 확통.pdf	평가원 수학/2026 9모/Questions/공통/2026 9모 공통 19번.png	953	147
2026 9모	공통	20	7	평가원 수학/2026 9모/2026 9모 확통.pdf	평가원 수학/2026 9모/Questions/공통/2026 9모 공통 20번.png	1016	1920
2026 9모	공통	21	8	평가원 수학/2026 9모/2026 9모 확통.pdf	평가원 수학/2026 9모/Questions/공통/2026 9모 공통 21번.png	1017	485
2026 9모	공통	22	8	평가원 수학/2026 9모/2026 9모 확통.pdf	평가원 수학/2026 9모/Questions/공통/2026 9모 공통 22번.png	1016	756
2026 9모	확통	23	9	평가원 수학/2026 9모/2026 9모 확통.pdf	평가원 수학/2026 9모/Questions/확통/2026 9모 확통 23번.png	915	235
2026 9모	확통	24	9	평가원 수학/2026 9모/2026 9모 확통.pdf	평가원 수학/2026 9모/Questions/확통/2026 9모 확통 24번.png	912	451
2026 9모	확통	25	10	평가원 수학/2026 9모/2026 9모 확통.pdf	평가원 수학/2026 9모/Questions/확통/2026 9모 확통 25번.png	1013	391
2026 9모	확통	26	10	평가원 수학/2026 9모/2026 9모 확통.pdf	평가원 수학/2026 9모/Questions/확통/2026 9모 확통 26번.png	969	481
2026 9모	확통	27	11	평가원 수학/2026 9모/2026 9모 확통.pdf	평가원 수학/2026 9모/Questions/확통/2026 9모 확통 27번.png	1017	391
2026 9모	확통	28	11	평가원 수학/2026 9모/2026 9모 확통.pdf	평가원 수학/2026 9모/Questions/확통/2026 9모 확통 28번.png	1016	620
2026 9모	확통	29	12	평가원 수학/2026 9모/2026 9모 확통.pdf	평가원 수학/2026 9모/Questions/확통/2026 9모 확통 29번.png	1019	853
2026 9모	확통	30	12	평가원 수학/2026 9모/2026 9모 확통.pdf	평가원 수학/2026 9모/Questions/확통/2026 9모 확통 30번.png	1017	1144
2026 9모	미적	23	9	평가원 수학/2026 9모/2026 9모 미적.pdf	평가원 수학/2026 9모/Questions/미적/2026 9모 미적 23번.png	913	221
2026 9모	미적	24	9	평가원 수학/2026 9모/2026 9모 미적.pdf	평가원 수학/2026 9모/Questions/미적/2026 9모 미적 24번.png	787	388
2026 9모	미적	25	10	평가원 수학/2026 9모/2026 9모 미적.pdf	평가원 수학/2026 9모/Questions/미적/2026 9모 미적 25번.png	1013	292
2026 9모	미적	26	10	평가원 수학/2026 9모/2026 9모 미적.pdf	평가원 수학/2026 9모/Questions/미적/2026 9모 미적 26번.png	995	433
2026 9모	미적	27	11	평가원 수학/2026 9모/2026 9모 미적.pdf	평가원 수학/2026 9모/Questions/미적/2026 9모 미적 27번.png	966	397
2026 9모	미적	28	11	평가원 수학/2026 9모/2026 9모 미적.pdf	평가원 수학/2026 9모/Questions/미적/2026 9모 미적 28번.png	1016	696
2026 9모	미적	29	12	평가원 수학/2026 9모/2026 9모 미적.pdf	평가원 수학/2026 9모/Questions/미적/2026 9모 미적 29번.png	1017	689
2026 9모	미적	30	12	평가원 수학/2026 9모/2026 9모 미적.pdf	평가원 수학/2026 9모/Questions/미적/2026 9모 미적 30번.png	1020	2822
2026 9모	기하	23	9	평가원 수학/2026 9모/2026 9모 기하.pdf	평가원 수학/2026 9모/Questions/기하/2026 9모 기하 23번.png	1016	237
2026 9모	기하	24	9	평가원 수학/2026 9모/2026 9모 기하.pdf	평가원 수학/2026 9모/Questions/기하/2026 9모 기하 24번.png	897	405
2026 9모	기하	25	10	평가원 수학/2026 9모/2026 9모 기하.pdf	평가원 수학/2026 9모/Questions/기하/2026 9모 기하 25번.png	1004	294
2026 9모	기하	26	10	평가원 수학/2026 9모/2026 9모 기하.pdf	평가원 수학/2026 9모/Questions/기하/2026 9모 기하 26번.png	1015	732
2026 9모	기하	27	11	평가원 수학/2026 9모/2026 9모 기하.pdf	평가원 수학/2026 9모/Questions/기하/2026 9모 기하 27번.png	871	554
2026 9모	기하	28	11	평가원 수학/2026 9모/2026 9모 기하.pdf	평가원 수학/2026 9모/Questions/기하/2026 9모 기하 28번.png	1016	1511
2026 9모	기하	29	12	평가원 수학/2026 9모/2026 9모 기하.pdf	평가원 수학/2026 9모/Questions/기하/2026 9모 기하 29번.png	1018	1304
2026 9모	기하	30	12	평가원 수학/2026 9모/2026 9모 기하.pdf	평가원 수학/2026 9모/Questions/기하/2026 9모 기하 30번.png	1017	663
2026 6모	공통	1	1	평가원 수학/2026 6모/2026 6모.pdf	평가원 수학/2026 6모/Questions/공통/2026 6모 공통 01번.png	895	205
2026 6모	공통	2	1	평가원 수학/2026 6모/2026 6모.pdf	평가원 수학/2026 6모/Questions/공통/2026 6모 공통 02번.png	937	283
2026 6모	공통	3	1	평가원 수학/2026 6모/2026 6모.pdf	평가원 수학/2026 6모/Questions/공통/2026 6모 공통 03번.png	1016	276
2026 6모	공통	4	1	평가원 수학/2026 6모/2026 6모.pdf	평가원 수학/2026 6모/Questions/공통/2026 6모 공통 04번.png	960	464
2026 6모	공통	5	2	평가원 수학/2026 6모/2026 6모.pdf	평가원 수학/2026 6모/Questions/공통/2026 6모 공통 05번.png	915	224
2026 6모	공통	6	2	평가원 수학/2026 6모/2026 6모.pdf	평가원 수학/2026 6모/Questions/공통/2026 6모 공통 06번.png	928	275
2026 6모	공통	7	2	평가원 수학/2026 6모/2026 6모.pdf	평가원 수학/2026 6모/Questions/공통/2026 6모 공통 07번.png	913	368
2026 6모	공통	8	3	평가원 수학/2026 6모/2026 6모.pdf	평가원 수학/2026 6모/Questions/공통/2026 6모 공통 08번.png	969	330
2026 6모	공통	9	3	평가원 수학/2026 6모/2026 6모.pdf	평가원 수학/2026 6모/Questions/공통/2026 6모 공통 09번.png	898	414
2026 6모	공통	10	3	평가원 수학/2026 6모/2026 6모.pdf	평가원 수학/2026 6모/Questions/공통/2026 6모 공통 10번.png	1014	466
2026 6모	공통	11	4	평가원 수학/2026 6모/2026 6모.pdf	평가원 수학/2026 6모/Questions/공통/2026 6모 공통 11번.png	1014	789
2026 6모	공통	12	4	평가원 수학/2026 6모/2026 6모.pdf	평가원 수학/2026 6모/Questions/공통/2026 6모 공통 12번.png	1014	600
2026 6모	공통	13	5	평가원 수학/2026 6모/2026 6모.pdf	평가원 수학/2026 6모/Questions/공통/2026 6모 공통 13번.png	1013	1679
2026 6모	공통	14	5	평가원 수학/2026 6모/2026 6모.pdf	평가원 수학/2026 6모/Questions/공통/2026 6모 공통 14번.png	948	1030
2026 6모	공통	15	6	평가원 수학/2026 6모/2026 6모.pdf	평가원 수학/2026 6모/Questions/공통/2026 6모 공통 15번.png	1014	903
2026 6모	공통	16	6	평가원 수학/2026 6모/2026 6모.pdf	평가원 수학/2026 6모/Questions/공통/2026 6모 공통 16번.png	935	146
2026 6모	공통	17	6	평가원 수학/2026 6모/2026 6모.pdf	평가원 수학/2026 6모/Questions/공통/2026 6모 공통 17번.png	1013	147
2026 6모	공통	18	7	평가원 수학/2026 6모/2026 6모.pdf	평가원 수학/2026 6모/Questions/공통/2026 6모 공통 18번.png	652	132
2026 6모	공통	19	7	평가원 수학/2026 6모/2026 6모.pdf	평가원 수학/2026 6모/Questions/공통/2026 6모 공통 19번.png	937	147
2026 6모	공통	20	7	평가원 수학/2026 6모/2026 6모.pdf	평가원 수학/2026 6모/Questions/공통/2026 6모 공통 20번.png	1016	1580
2026 6모	공통	21	8	평가원 수학/2026 6모/2026 6모.pdf	평가원 수학/2026 6모/Questions/공통/2026 6모 공통 21번.png	1017	557
2026 6모	공통	22	8	평가원 수학/2026 6모/2026 6모.pdf	평가원 수학/2026 6모/Questions/공통/2026 6모 공통 22번.png	1010	601
2026 6모	확통	23	9	평가원 수학/2026 6모/2026 6모.pdf	평가원 수학/2026 6모/Questions/확통/2026 6모 확통 23번.png	936	235
2026 6모	확통	24	9	평가원 수학/2026 6모/2026 6모.pdf	평가원 수학/2026 6모/Questions/확통/2026 6모 확통 24번.png	912	407
2026 6모	확통	25	10	평가원 수학/2026 6모/2026 6모.pdf	평가원 수학/2026 6모/Questions/확통/2026 6모 확통 25번.png	976	179
2026 6모	확통	26	10	평가원 수학/2026 6모/2026 6모.pdf	평가원 수학/2026 6모/Questions/확통/2026 6모 확통 26번.png	1015	662
2026 6모	확통	27	11	평가원 수학/2026 6모/2026 6모.pdf	평가원 수학/2026 6모/Questions/확통/2026 6모 확통 27번.png	1012	840
2026 6모	확통	28	11	평가원 수학/2026 6모/2026 6모.pdf	평가원 수학/2026 6모/Questions/확통/2026 6모 확통 28번.png	1016	1276
2026 6모	확통	29	12	평가원 수학/2026 6모/2026 6모.pdf	평가원 수학/2026 6모/Questions/확통/2026 6모 확통 29번.png	1016	303
2026 6모	확통	30	12	평가원 수학/2026 6모/2026 6모.pdf	평가원 수학/2026 6모/Questions/확통/2026 6모 확통 30번.png	1017	353
2026 6모	미적	23	13	평가원 수학/2026 6모/2026 6모.pdf	평가원 수학/2026 6모/Questions/미적/2026 6모 미적 23번.png	914	229
2026 6모	미적	24	13	평가원 수학/2026 6모/2026 6모.pdf	평가원 수학/2026 6모/Questions/미적/2026 6모 미적 24번.png	940	276
2026 6모	미적	25	14	평가원 수학/2026 6모/2026 6모.pdf	평가원 수학/2026 6모/Questions/미적/2026 6모 미적 25번.png	898	325
2026 6모	미적	26	14	평가원 수학/2026 6모/2026 6모.pdf	평가원 수학/2026 6모/Questions/미적/2026 6모 미적 26번.png	947	339
2026 6모	미적	27	15	평가원 수학/2026 6모/2026 6모.pdf	평가원 수학/2026 6모/Questions/미적/2026 6모 미적 27번.png	1013	1103
2026 6모	미적	28	15	평가원 수학/2026 6모/2026 6모.pdf	평가원 수학/2026 6모/Questions/미적/2026 6모 미적 28번.png	1016	854
2026 6모	미적	29	16	평가원 수학/2026 6모/2026 6모.pdf	평가원 수학/2026 6모/Questions/미적/2026 6모 미적 29번.png	1017	911
2026 6모	미적	30	16	평가원 수학/2026 6모/2026 6모.pdf	평가원 수학/2026 6모/Questions/미적/2026 6모 미적 30번.png	1017	772
2026 6모	기하	23	17	평가원 수학/2026 6모/2026 6모.pdf	평가원 수학/2026 6모/Questions/기하/2026 6모 기하 23번.png	898	252
2026 6모	기하	24	17	평가원 수학/2026 6모/2026 6모.pdf	평가원 수학/2026 6모/Questions/기하/2026 6모 기하 24번.png	986	237
2026 6모	기하	25	18	평가원 수학/2026 6모/2026 6모.pdf	평가원 수학/2026 6모/Questions/기하/2026 6모 기하 25번.png	943	242
2026 6모	기하	26	18	평가원 수학/2026 6모/2026 6모.pdf	평가원 수학/2026 6모/Questions/기하/2026 6모 기하 26번.png	1011	447
2026 6모	기하	27	19	평가원 수학/2026 6모/2026 6모.pdf	평가원 수학/2026 6모/Questions/기하/2026 6모 기하 27번.png	952	377
2026 6모	기하	28	19	평가원 수학/2026 6모/2026 6모.pdf	평가원 수학/2026 6모/Questions/기하/2026 6모 기하 28번.png	1013	1417
2026 6모	기하	29	20	평가원 수학/2026 6모/2026 6모.pdf	평가원 수학/2026 6모/Questions/기하/2026 6모 기하 29번.png	1002	1182
2026 6모	기하	30	20	평가원 수학/2026 6모/2026 6모.pdf	평가원 수학/2026 6모/Questions/기하/2026 6모 기하 30번.png	976	778
2025 수능	공통	1	1	평가원 수학/2025 수능/2025 수능 확통.pdf	평가원 수학/2025 수능/Questions/공통/2025 수능 공통 01번.png	895	206
2025 수능	공통	2	1	평가원 수학/2025 수능/2025 수능 확통.pdf	평가원 수학/2025 수능/Questions/공통/2025 수능 공통 02번.png	949	283
2025 수능	공통	3	1	평가원 수학/2025 수능/2025 수능 확통.pdf	평가원 수학/2025 수능/Questions/공통/2025 수능 공통 03번.png	898	422
2025 수능	공통	4	1	평가원 수학/2025 수능/2025 수능 확통.pdf	평가원 수학/2025 수능/Questions/공통/2025 수능 공통 04번.png	960	469
2025 수능	공통	5	2	평가원 수학/2025 수능/2025 수능 확통.pdf	평가원 수학/2025 수능/Questions/공통/2025 수능 공통 05번.png	988	180
2025 수능	공통	6	2	평가원 수학/2025 수능/2025 수능 확통.pdf	평가원 수학/2025 수능/Questions/공통/2025 수능 공통 06번.png	898	232
2025 수능	공통	7	2	평가원 수학/2025 수능/2025 수능 확통.pdf	평가원 수학/2025 수능/Questions/공통/2025 수능 공통 07번.png	913	414
2025 수능	공통	8	3	평가원 수학/2025 수능/2025 수능 확통.pdf	평가원 수학/2025 수능/Questions/공통/2025 수능 공통 08번.png	898	278
2025 수능	공통	9	3	평가원 수학/2025 수능/2025 수능 확통.pdf	평가원 수학/2025 수능/Questions/공통/2025 수능 공통 09번.png	898	414
2025 수능	공통	10	3	평가원 수학/2025 수능/2025 수능 확통.pdf	평가원 수학/2025 수능/Questions/공통/2025 수능 공통 10번.png	960	337
2025 수능	공통	11	4	평가원 수학/2025 수능/2025 수능 확통.pdf	평가원 수학/2025 수능/Questions/공통/2025 수능 공통 11번.png	960	522
2025 수능	공통	12	4	평가원 수학/2025 수능/2025 수능 확통.pdf	평가원 수학/2025 수능/Questions/공통/2025 수능 공통 12번.png	928	535
2025 수능	공통	13	5	평가원 수학/2025 수능/2025 수능 확통.pdf	평가원 수학/2025 수능/Questions/공통/2025 수능 공통 13번.png	1010	1463
2025 수능	공통	14	5	평가원 수학/2025 수능/2025 수능 확통.pdf	평가원 수학/2025 수능/Questions/공통/2025 수능 공통 14번.png	1012	1198
2025 수능	공통	15	6	평가원 수학/2025 수능/2025 수능 확통.pdf	평가원 수학/2025 수능/Questions/공통/2025 수능 공통 15번.png	1014	897
2025 수능	공통	16	6	평가원 수학/2025 수능/2025 수능 확통.pdf	평가원 수학/2025 수능/Questions/공통/2025 수능 공통 16번.png	766	277
2025 수능	공통	17	6	평가원 수학/2025 수능/2025 수능 확통.pdf	평가원 수학/2025 수능/Questions/공통/2025 수능 공통 17번.png	1012	147
2025 수능	공통	18	7	평가원 수학/2025 수능/2025 수능 확통.pdf	평가원 수학/2025 수능/Questions/공통/2025 수능 공통 18번.png	777	332
2025 수능	공통	19	7	평가원 수학/2025 수능/2025 수능 확통.pdf	평가원 수학/2025 수능/Questions/공통/2025 수능 공통 19번.png	907	378
2025 수능	공통	20	7	평가원 수학/2025 수능/2025 수능 확통.pdf	평가원 수학/2025 수능/Questions/공통/2025 수능 공통 20번.png	1016	652
2025 수능	공통	21	8	평가원 수학/2025 수능/2025 수능 확통.pdf	평가원 수학/2025 수능/Questions/공통/2025 수능 공통 21번.png	1017	345
2025 수능	공통	22	8	평가원 수학/2025 수능/2025 수능 확통.pdf	평가원 수학/2025 수능/Questions/공통/2025 수능 공통 22번.png	1016	637
2025 수능	확통	23	9	평가원 수학/2025 수능/2025 수능 확통.pdf	평가원 수학/2025 수능/Questions/확통/2025 수능 확통 23번.png	915	185
2025 수능	확통	24	9	평가원 수학/2025 수능/2025 수능 확통.pdf	평가원 수학/2025 수능/Questions/확통/2025 수능 확통 24번.png	928	446
2025 수능	확통	25	10	평가원 수학/2025 수능/2025 수능 확통.pdf	평가원 수학/2025 수능/Questions/확통/2025 수능 확통 25번.png	1010	411
2025 수능	확통	26	10	평가원 수학/2025 수능/2025 수능 확통.pdf	평가원 수학/2025 수능/Questions/확통/2025 수능 확통 26번.png	1013	507
2025 수능	확통	27	11	평가원 수학/2025 수능/2025 수능 확통.pdf	평가원 수학/2025 수능/Questions/확통/2025 수능 확통 27번.png	1016	946
2025 수능	확통	28	11	평가원 수학/2025 수능/2025 수능 확통.pdf	평가원 수학/2025 수능/Questions/확통/2025 수능 확통 28번.png	1016	447
2025 수능	확통	29	12	평가원 수학/2025 수능/2025 수능 확통.pdf	평가원 수학/2025 수능/Questions/확통/2025 수능 확통 29번.png	1017	771
2025 수능	확통	30	12	평가원 수학/2025 수능/2025 수능 확통.pdf	평가원 수학/2025 수능/Questions/확통/2025 수능 확통 30번.png	1017	1152
2025 수능	미적	23	9	평가원 수학/2025 수능/2025 수능 미적.pdf	평가원 수학/2025 수능/Questions/미적/2025 수능 미적 23번.png	898	229
2025 수능	미적	24	9	평가원 수학/2025 수능/2025 수능 미적.pdf	평가원 수학/2025 수능/Questions/미적/2025 수능 미적 24번.png	896	283
2025 수능	미적	25	10	평가원 수학/2025 수능/2025 수능 미적.pdf	평가원 수학/2025 수능/Questions/미적/2025 수능 미적 25번.png	898	354
2025 수능	미적	26	10	평가원 수학/2025 수능/2025 수능 미적.pdf	평가원 수학/2025 수능/Questions/미적/2025 수능 미적 26번.png	978	1119
2025 수능	미적	27	11	평가원 수학/2025 수능/2025 수능 미적.pdf	평가원 수학/2025 수능/Questions/미적/2025 수능 미적 27번.png	1016	524
2025 수능	미적	28	11	평가원 수학/2025 수능/2025 수능 미적.pdf	평가원 수학/2025 수능/Questions/미적/2025 수능 미적 28번.png	996	691
2025 수능	미적	29	12	평가원 수학/2025 수능/2025 수능 미적.pdf	평가원 수학/2025 수능/Questions/미적/2025 수능 미적 29번.png	971	575
2025 수능	미적	30	12	평가원 수학/2025 수능/2025 수능 미적.pdf	평가원 수학/2025 수능/Questions/미적/2025 수능 미적 30번.png	1017	733
2025 수능	기하	23	9	평가원 수학/2025 수능/2025 수능 기하.pdf	평가원 수학/2025 수능/Questions/기하/2025 수능 기하 23번.png	990	246
2025 수능	기하	24	9	평가원 수학/2025 수능/2025 수능 기하.pdf	평가원 수학/2025 수능/Questions/기하/2025 수능 기하 24번.png	953	236
2025 수능	기하	25	10	평가원 수학/2025 수능/2025 수능 기하.pdf	평가원 수학/2025 수능/Questions/기하/2025 수능 기하 25번.png	925	351
2025 수능	기하	26	10	평가원 수학/2025 수능/2025 수능 기하.pdf	평가원 수학/2025 수능/Questions/기하/2025 수능 기하 26번.png	913	639
2025 수능	기하	27	11	평가원 수학/2025 수능/2025 수능 기하.pdf	평가원 수학/2025 수능/Questions/기하/2025 수능 기하 27번.png	1013	1268
2025 수능	기하	28	11	평가원 수학/2025 수능/2025 수능 기하.pdf	평가원 수학/2025 수능/Questions/기하/2025 수능 기하 28번.png	1016	1161
2025 수능	기하	29	12	평가원 수학/2025 수능/2025 수능 기하.pdf	평가원 수학/2025 수능/Questions/기하/2025 수능 기하 29번.png	1010	1168
2025 수능	기하	30	12	평가원 수학/2025 수능/2025 수능 기하.pdf	평가원 수학/2025 수능/Questions/기하/2025 수능 기하 30번.png	1020	2821
2025 9모	공통	1	1	평가원 수학/2025 9모/2025 9모 확통.pdf	평가원 수학/2025 9모/Questions/공통/2025 9모 공통 01번.png	949	235
2025 9모	공통	2	1	평가원 수학/2025 9모/2025 9모 확통.pdf	평가원 수학/2025 9모/Questions/공통/2025 9모 공통 02번.png	960	284
2025 9모	공통	3	1	평가원 수학/2025 9모/2025 9모 확통.pdf	평가원 수학/2025 9모/Questions/공통/2025 9모 공통 03번.png	914	377
2025 9모	공통	4	1	평가원 수학/2025 9모/2025 9모 확통.pdf	평가원 수학/2025 9모/Questions/공통/2025 9모 공통 04번.png	898	1031
2025 9모	공통	5	2	평가원 수학/2025 9모/2025 9모 확통.pdf	평가원 수학/2025 9모/Questions/공통/2025 9모 공통 05번.png	1010	180
2025 9모	공통	6	2	평가원 수학/2025 9모/2025 9모 확통.pdf	평가원 수학/2025 9모/Questions/공통/2025 9모 공통 06번.png	867	436
2025 9모	공통	7	2	평가원 수학/2025 9모/2025 9모 확통.pdf	평가원 수학/2025 9모/Questions/공통/2025 9모 공통 07번.png	990	503
2025 9모	공통	8	3	평가원 수학/2025 9모/2025 9모 확통.pdf	평가원 수학/2025 9모/Questions/공통/2025 9모 공통 08번.png	984	237
2025 9모	공통	9	3	평가원 수학/2025 9모/2025 9모 확통.pdf	평가원 수학/2025 9모/Questions/공통/2025 9모 공통 09번.png	912	455
2025 9모	공통	10	3	평가원 수학/2025 9모/2025 9모 확통.pdf	평가원 수학/2025 9모/Questions/공통/2025 9모 공통 10번.png	939	555
2025 9모	공통	11	4	평가원 수학/2025 9모/2025 9모 확통.pdf	평가원 수학/2025 9모/Questions/공통/2025 9모 공통 11번.png	984	490
2025 9모	공통	12	4	평가원 수학/2025 9모/2025 9모 확통.pdf	평가원 수학/2025 9모/Questions/공통/2025 9모 공통 12번.png	986	541
2025 9모	공통	13	5	평가원 수학/2025 9모/2025 9모 확통.pdf	평가원 수학/2025 9모/Questions/공통/2025 9모 공통 13번.png	994	780
2025 9모	공통	14	5	평가원 수학/2025 9모/2025 9모 확통.pdf	평가원 수학/2025 9모/Questions/공통/2025 9모 공통 14번.png	1014	748
2025 9모	공통	15	6	평가원 수학/2025 9모/2025 9모 확통.pdf	평가원 수학/2025 9모/Questions/공통/2025 9모 공통 15번.png	1014	656
2025 9모	공통	16	6	평가원 수학/2025 9모/2025 9모 확통.pdf	평가원 수학/2025 9모/Questions/공통/2025 9모 공통 16번.png	766	305
2025 9모	공통	17	6	평가원 수학/2025 9모/2025 9모 확통.pdf	평가원 수학/2025 9모/Questions/공통/2025 9모 공통 17번.png	1008	146
2025 9모	공통	18	7	평가원 수학/2025 9모/2025 9모 확통.pdf	평가원 수학/2025 9모/Questions/공통/2025 9모 공통 18번.png	630	381
2025 9모	공통	19	7	평가원 수학/2025 9모/2025 9모 확통.pdf	평가원 수학/2025 9모/Questions/공통/2025 9모 공통 19번.png	909	204
2025 9모	공통	20	7	평가원 수학/2025 9모/2025 9모 확통.pdf	평가원 수학/2025 9모/Questions/공통/2025 9모 공통 20번.png	941	574
2025 9모	공통	21	8	평가원 수학/2025 9모/2025 9모 확통.pdf	평가원 수학/2025 9모/Questions/공통/2025 9모 공통 21번.png	964	375
2025 9모	공통	22	8	평가원 수학/2025 9모/2025 9모 확통.pdf	평가원 수학/2025 9모/Questions/공통/2025 9모 공통 22번.png	1016	641
2025 9모	확통	23	9	평가원 수학/2025 9모/2025 9모 확통.pdf	평가원 수학/2025 9모/Questions/확통/2025 9모 확통 23번.png	950	235
2025 9모	확통	24	9	평가원 수학/2025 9모/2025 9모 확통.pdf	평가원 수학/2025 9모/Questions/확통/2025 9모 확통 24번.png	927	446
2025 9모	확통	25	10	평가원 수학/2025 9모/2025 9모 확통.pdf	평가원 수학/2025 9모/Questions/확통/2025 9모 확통 25번.png	983	333
2025 9모	확통	26	10	평가원 수학/2025 9모/2025 9모 확통.pdf	평가원 수학/2025 9모/Questions/확통/2025 9모 확통 26번.png	1017	463
2025 9모	확통	27	11	평가원 수학/2025 9모/2025 9모 확통.pdf	평가원 수학/2025 9모/Questions/확통/2025 9모 확통 27번.png	983	446
2025 9모	확통	28	11	평가원 수학/2025 9모/2025 9모 확통.pdf	평가원 수학/2025 9모/Questions/확통/2025 9모 확통 28번.png	1016	603
2025 9모	확통	29	12	평가원 수학/2025 9모/2025 9모 확통.pdf	평가원 수학/2025 9모/Questions/확통/2025 9모 확통 29번.png	1019	737
2025 9모	확통	30	12	평가원 수학/2025 9모/2025 9모 확통.pdf	평가원 수학/2025 9모/Questions/확통/2025 9모 확통 30번.png	1017	483
2025 9모	미적	23	9	평가원 수학/2025 9모/2025 9모 미적.pdf	평가원 수학/2025 9모/Questions/미적/2025 9모 미적 23번.png	897	222
2025 9모	미적	24	9	평가원 수학/2025 9모/2025 9모 미적.pdf	평가원 수학/2025 9모/Questions/미적/2025 9모 미적 24번.png	1017	474
2025 9모	미적	25	10	평가원 수학/2025 9모/2025 9모 미적.pdf	평가원 수학/2025 9모/Questions/미적/2025 9모 미적 25번.png	928	471
2025 9모	미적	26	10	평가원 수학/2025 9모/2025 9모 미적.pdf	평가원 수학/2025 9모/Questions/미적/2025 9모 미적 26번.png	1012	1224
2025 9모	미적	27	11	평가원 수학/2025 9모/2025 9모 미적.pdf	평가원 수학/2025 9모/Questions/미적/2025 9모 미적 27번.png	1007	505
2025 9모	미적	28	11	평가원 수학/2025 9모/2025 9모 미적.pdf	평가원 수학/2025 9모/Questions/미적/2025 9모 미적 28번.png	1016	752
2025 9모	미적	29	12	평가원 수학/2025 9모/2025 9모 미적.pdf	평가원 수학/2025 9모/Questions/미적/2025 9모 미적 29번.png	993	488
2025 9모	미적	30	12	평가원 수학/2025 9모/2025 9모 미적.pdf	평가원 수학/2025 9모/Questions/미적/2025 9모 미적 30번.png	1017	768
2025 9모	기하	23	9	평가원 수학/2025 9모/2025 9모 기하.pdf	평가원 수학/2025 9모/Questions/기하/2025 9모 기하 23번.png	973	246
2025 9모	기하	24	9	평가원 수학/2025 9모/2025 9모 기하.pdf	평가원 수학/2025 9모/Questions/기하/2025 9모 기하 24번.png	917	292
2025 9모	기하	25	10	평가원 수학/2025 9모/2025 9모 기하.pdf	평가원 수학/2025 9모/Questions/기하/2025 9모 기하 25번.png	1016	352
2025 9모	기하	26	10	평가원 수학/2025 9모/2025 9모 기하.pdf	평가원 수학/2025 9모/Questions/기하/2025 9모 기하 26번.png	996	299
2025 9모	기하	27	11	평가원 수학/2025 9모/2025 9모 기하.pdf	평가원 수학/2025 9모/Questions/기하/2025 9모 기하 27번.png	998	1323
2025 9모	기하	28	11	평가원 수학/2025 9모/2025 9모 기하.pdf	평가원 수학/2025 9모/Questions/기하/2025 9모 기하 28번.png	994	1562
2025 9모	기하	29	12	평가원 수학/2025 9모/2025 9모 기하.pdf	평가원 수학/2025 9모/Questions/기하/2025 9모 기하 29번.png	1016	1087
2025 9모	기하	30	12	평가원 수학/2025 9모/2025 9모 기하.pdf	평가원 수학/2025 9모/Questions/기하/2025 9모 기하 30번.png	1004	1220
2025 6모	공통	1	1	평가원 수학/2025 6모/2025 6모.pdf	평가원 수학/2025 6모/Questions/공통/2025 6모 공통 01번.png	894	277
2025 6모	공통	2	1	평가원 수학/2025 6모/2025 6모.pdf	평가원 수학/2025 6모/Questions/공통/2025 6모 공통 02번.png	923	283
2025 6모	공통	3	1	평가원 수학/2025 6모/2025 6모.pdf	평가원 수학/2025 6모/Questions/공통/2025 6모 공통 03번.png	914	343
2025 6모	공통	4	1	평가원 수학/2025 6모/2025 6모.pdf	평가원 수학/2025 6모/Questions/공통/2025 6모 공통 04번.png	898	857
2025 6모	공통	5	2	평가원 수학/2025 6모/2025 6모.pdf	평가원 수학/2025 6모/Questions/공통/2025 6모 공통 05번.png	1016	238
2025 6모	공통	6	2	평가원 수학/2025 6모/2025 6모.pdf	평가원 수학/2025 6모/Questions/공통/2025 6모 공통 06번.png	912	320
2025 6모	공통	7	2	평가원 수학/2025 6모/2025 6모.pdf	평가원 수학/2025 6모/Questions/공통/2025 6모 공통 07번.png	975	237
2025 6모	공통	8	3	평가원 수학/2025 6모/2025 6모.pdf	평가원 수학/2025 6모/Questions/공통/2025 6모 공통 08번.png	912	415
2025 6모	공통	9	3	평가원 수학/2025 6모/2025 6모.pdf	평가원 수학/2025 6모/Questions/공통/2025 6모 공통 09번.png	1016	606
2025 6모	공통	10	3	평가원 수학/2025 6모/2025 6모.pdf	평가원 수학/2025 6모/Questions/공통/2025 6모 공통 10번.png	1014	593
2025 6모	공통	11	4	평가원 수학/2025 6모/2025 6모.pdf	평가원 수학/2025 6모/Questions/공통/2025 6모 공통 11번.png	1000	469
2025 6모	공통	12	4	평가원 수학/2025 6모/2025 6모.pdf	평가원 수학/2025 6모/Questions/공통/2025 6모 공통 12번.png	1009	1386
2025 6모	공통	13	5	평가원 수학/2025 6모/2025 6모.pdf	평가원 수학/2025 6모/Questions/공통/2025 6모 공통 13번.png	965	1267
2025 6모	공통	14	5	평가원 수학/2025 6모/2025 6모.pdf	평가원 수학/2025 6모/Questions/공통/2025 6모 공통 14번.png	1014	406
2025 6모	공통	15	6	평가원 수학/2025 6모/2025 6모.pdf	평가원 수학/2025 6모/Questions/공통/2025 6모 공통 15번.png	1014	1163
2025 6모	공통	16	6	평가원 수학/2025 6모/2025 6모.pdf	평가원 수학/2025 6모/Questions/공통/2025 6모 공통 16번.png	1009	175
2025 6모	공통	17	6	평가원 수학/2025 6모/2025 6모.pdf	평가원 수학/2025 6모/Questions/공통/2025 6모 공통 17번.png	955	146
2025 6모	공통	18	7	평가원 수학/2025 6모/2025 6모.pdf	평가원 수학/2025 6모/Questions/공통/2025 6모 공통 18번.png	994	132
2025 6모	공통	19	7	평가원 수학/2025 6모/2025 6모.pdf	평가원 수학/2025 6모/Questions/공통/2025 6모 공통 19번.png	1013	546
2025 6모	공통	20	7	평가원 수학/2025 6모/2025 6모.pdf	평가원 수학/2025 6모/Questions/공통/2025 6모 공통 20번.png	1014	377
2025 6모	공통	21	8	평가원 수학/2025 6모/2025 6모.pdf	평가원 수학/2025 6모/Questions/공통/2025 6모 공통 21번.png	1017	551
2025 6모	공통	22	8	평가원 수학/2025 6모/2025 6모.pdf	평가원 수학/2025 6모/Questions/공통/2025 6모 공통 22번.png	995	636
2025 6모	확통	23	9	평가원 수학/2025 6모/2025 6모.pdf	평가원 수학/2025 6모/Questions/확통/2025 6모 확통 23번.png	978	235
2025 6모	확통	24	9	평가원 수학/2025 6모/2025 6모.pdf	평가원 수학/2025 6모/Questions/확통/2025 6모 확통 24번.png	927	451
2025 6모	확통	25	10	평가원 수학/2025 6모/2025 6모.pdf	평가원 수학/2025 6모/Questions/확통/2025 6모 확통 25번.png	914	184
2025 6모	확통	26	10	평가원 수학/2025 6모/2025 6모.pdf	평가원 수학/2025 6모/Questions/확통/2025 6모 확통 26번.png	958	391
2025 6모	확통	27	11	평가원 수학/2025 6모/2025 6모.pdf	평가원 수학/2025 6모/Questions/확통/2025 6모 확통 27번.png	1013	971
2025 6모	확통	28	11	평가원 수학/2025 6모/2025 6모.pdf	평가원 수학/2025 6모/Questions/확통/2025 6모 확통 28번.png	1016	876
2025 6모	확통	29	12	평가원 수학/2025 6모/2025 6모.pdf	평가원 수학/2025 6모/Questions/확통/2025 6모 확통 29번.png	943	377
2025 6모	확통	30	12	평가원 수학/2025 6모/2025 6모.pdf	평가원 수학/2025 6모/Questions/확통/2025 6모 확통 30번.png	1017	353
2025 6모	미적	23	13	평가원 수학/2025 6모/2025 6모.pdf	평가원 수학/2025 6모/Questions/미적/2025 6모 미적 23번.png	897	318
2025 6모	미적	24	13	평가원 수학/2025 6모/2025 6모.pdf	평가원 수학/2025 6모/Questions/미적/2025 6모 미적 24번.png	911	319
2025 6모	미적	25	14	평가원 수학/2025 6모/2025 6모.pdf	평가원 수학/2025 6모/Questions/미적/2025 6모 미적 25번.png	928	491
2025 6모	미적	26	14	평가원 수학/2025 6모/2025 6모.pdf	평가원 수학/2025 6모/Questions/미적/2025 6모 미적 26번.png	1007	1304
2025 6모	미적	27	15	평가원 수학/2025 6모/2025 6모.pdf	평가원 수학/2025 6모/Questions/미적/2025 6모 미적 27번.png	1016	476
2025 6모	미적	28	15	평가원 수학/2025 6모/2025 6모.pdf	평가원 수학/2025 6모/Questions/미적/2025 6모 미적 28번.png	1006	694
2025 6모	미적	29	16	평가원 수학/2025 6모/2025 6모.pdf	평가원 수학/2025 6모/Questions/미적/2025 6모 미적 29번.png	877	586
2025 6모	미적	30	16	평가원 수학/2025 6모/2025 6모.pdf	평가원 수학/2025 6모/Questions/미적/2025 6모 미적 30번.png	1009	490
2025 6모	기하	23	17	평가원 수학/2025 6모/2025 6모.pdf	평가원 수학/2025 6모/Questions/기하/2025 6모 기하 23번.png	897	385
2025 6모	기하	24	17	평가원 수학/2025 6모/2025 6모.pdf	평가원 수학/2025 6모/Questions/기하/2025 6모 기하 24번.png	969	326
2025 6모	기하	25	18	평가원 수학/2025 6모/2025 6모.pdf	평가원 수학/2025 6모/Questions/기하/2025 6모 기하 25번.png	1003	489
2025 6모	기하	26	18	평가원 수학/2025 6모/2025 6모.pdf	평가원 수학/2025 6모/Questions/기하/2025 6모 기하 26번.png	1011	414
2025 6모	기하	27	19	평가원 수학/2025 6모/2025 6모.pdf	평가원 수학/2025 6모/Questions/기하/2025 6모 기하 27번.png	1017	1255
2025 6모	기하	28	19	평가원 수학/2025 6모/2025 6모.pdf	평가원 수학/2025 6모/Questions/기하/2025 6모 기하 28번.png	1012	602
2025 6모	기하	29	20	평가원 수학/2025 6모/2025 6모.pdf	평가원 수학/2025 6모/Questions/기하/2025 6모 기하 29번.png	964	441
2025 6모	기하	30	20	평가원 수학/2025 6모/2025 6모.pdf	평가원 수학/2025 6모/Questions/기하/2025 6모 기하 30번.png	1020	2821
2024 수능	공통	1	1	평가원 수학/2024 수능/2024 수능 확통.pdf	평가원 수학/2024 수능/Questions/공통/2024 수능 공통 01번.png	912	206
2024 수능	공통	2	1	평가원 수학/2024 수능/2024 수능 확통.pdf	평가원 수학/2024 수능/Questions/공통/2024 수능 공통 02번.png	967	284
2024 수능	공통	3	1	평가원 수학/2024 수능/2024 수능 확통.pdf	평가원 수학/2024 수능/Questions/공통/2024 수능 공통 03번.png	950	319
2024 수능	공통	4	1	평가원 수학/2024 수능/2024 수능 확통.pdf	평가원 수학/2024 수능/Questions/공통/2024 수능 공통 04번.png	960	469
2024 수능	공통	5	2	평가원 수학/2024 수능/2024 수능 확통.pdf	평가원 수학/2024 수능/Questions/공통/2024 수능 공통 05번.png	898	363
2024 수능	공통	6	2	평가원 수학/2024 수능/2024 수능 확통.pdf	평가원 수학/2024 수능/Questions/공통/2024 수능 공통 06번.png	1010	414
2024 수능	공통	7	2	평가원 수학/2024 수능/2024 수능 확통.pdf	평가원 수학/2024 수능/Questions/공통/2024 수능 공통 07번.png	1015	331
2024 수능	공통	8	3	평가원 수학/2024 수능/2024 수능 확통.pdf	평가원 수학/2024 수능/Questions/공통/2024 수능 공통 08번.png	914	419
2024 수능	공통	9	3	평가원 수학/2024 수능/2024 수능 확통.pdf	평가원 수학/2024 수능/Questions/공통/2024 수능 공통 09번.png	952	340
2024 수능	공통	10	3	평가원 수학/2024 수능/2024 수능 확통.pdf	평가원 수학/2024 수능/Questions/공통/2024 수능 공통 10번.png	1000	645
2024 수능	공통	11	4	평가원 수학/2024 수능/2024 수능 확통.pdf	평가원 수학/2024 수능/Questions/공통/2024 수능 공통 11번.png	912	476
2024 수능	공통	12	4	평가원 수학/2024 수능/2024 수능 확통.pdf	평가원 수학/2024 수능/Questions/공통/2024 수능 공통 12번.png	997	668
2024 수능	공통	13	5	평가원 수학/2024 수능/2024 수능 확통.pdf	평가원 수학/2024 수능/Questions/공통/2024 수능 공통 13번.png	969	1179
2024 수능	공통	14	5	평가원 수학/2024 수능/2024 수능 확통.pdf	평가원 수학/2024 수능/Questions/공통/2024 수능 공통 14번.png	1015	805
2024 수능	공통	15	6	평가원 수학/2024 수능/2024 수능 확통.pdf	평가원 수학/2024 수능/Questions/공통/2024 수능 공통 15번.png	972	586
2024 수능	공통	16	6	평가원 수학/2024 수능/2024 수능 확통.pdf	평가원 수학/2024 수능/Questions/공통/2024 수능 공통 16번.png	1013	188
2024 수능	공통	17	6	평가원 수학/2024 수능/2024 수능 확통.pdf	평가원 수학/2024 수능/Questions/공통/2024 수능 공통 17번.png	1013	150
2024 수능	공통	18	7	평가원 수학/2024 수능/2024 수능 확통.pdf	평가원 수학/2024 수능/Questions/공통/2024 수능 공통 18번.png	766	381
2024 수능	공통	19	7	평가원 수학/2024 수능/2024 수능 확통.pdf	평가원 수학/2024 수능/Questions/공통/2024 수능 공통 19번.png	959	345
2024 수능	공통	20	7	평가원 수학/2024 수능/2024 수능 확통.pdf	평가원 수학/2024 수능/Questions/공통/2024 수능 공통 20번.png	1016	516
2024 수능	공통	21	8	평가원 수학/2024 수능/2024 수능 확통.pdf	평가원 수학/2024 수능/Questions/공통/2024 수능 공통 21번.png	1013	499
2024 수능	공통	22	8	평가원 수학/2024 수능/2024 수능 확통.pdf	평가원 수학/2024 수능/Questions/공통/2024 수능 공통 22번.png	1016	585
2024 수능	확통	23	9	평가원 수학/2024 수능/2024 수능 확통.pdf	평가원 수학/2024 수능/Questions/확통/2024 수능 확통 23번.png	988	235
2024 수능	확통	24	9	평가원 수학/2024 수능/2024 수능 확통.pdf	평가원 수학/2024 수능/Questions/확통/2024 수능 확통 24번.png	935	451
2024 수능	확통	25	10	평가원 수학/2024 수능/2024 수능 확통.pdf	평가원 수학/2024 수능/Questions/확통/2024 수능 확통 25번.png	1016	688
2024 수능	확통	26	10	평가원 수학/2024 수능/2024 수능 확통.pdf	평가원 수학/2024 수능/Questions/확통/2024 수능 확통 26번.png	1002	562
2024 수능	확통	27	11	평가원 수학/2024 수능/2024 수능 확통.pdf	평가원 수학/2024 수능/Questions/확통/2024 수능 확통 27번.png	1018	461
2024 수능	확통	28	11	평가원 수학/2024 수능/2024 수능 확통.pdf	평가원 수학/2024 수능/Questions/확통/2024 수능 확통 28번.png	1016	1672
2024 수능	확통	29	12	평가원 수학/2024 수능/2024 수능 확통.pdf	평가원 수학/2024 수능/Questions/확통/2024 수능 확통 29번.png	1017	293
2024 수능	확통	30	12	평가원 수학/2024 수능/2024 수능 확통.pdf	평가원 수학/2024 수능/Questions/확통/2024 수능 확통 30번.png	1019	613
2024 수능	미적	23	9	평가원 수학/2024 수능/2024 수능 미적.pdf	평가원 수학/2024 수능/Questions/미적/2024 수능 미적 23번.png	897	268
2024 수능	미적	24	9	평가원 수학/2024 수능/2024 수능 미적.pdf	평가원 수학/2024 수능/Questions/미적/2024 수능 미적 24번.png	965	451
2024 수능	미적	25	10	평가원 수학/2024 수능/2024 수능 미적.pdf	평가원 수학/2024 수능/Questions/미적/2024 수능 미적 25번.png	918	586
2024 수능	미적	26	10	평가원 수학/2024 수능/2024 수능 미적.pdf	평가원 수학/2024 수능/Questions/미적/2024 수능 미적 26번.png	1017	1197
2024 수능	미적	27	11	평가원 수학/2024 수능/2024 수능 미적.pdf	평가원 수학/2024 수능/Questions/미적/2024 수능 미적 27번.png	1011	483
2024 수능	미적	28	11	평가원 수학/2024 수능/2024 수능 미적.pdf	평가원 수학/2024 수능/Questions/미적/2024 수능 미적 28번.png	1016	755
2024 수능	미적	29	12	평가원 수학/2024 수능/2024 수능 미적.pdf	평가원 수학/2024 수능/Questions/미적/2024 수능 미적 29번.png	1005	703
2024 수능	미적	30	12	평가원 수학/2024 수능/2024 수능 미적.pdf	평가원 수학/2024 수능/Questions/미적/2024 수능 미적 30번.png	1012	784
2024 수능	기하	23	9	평가원 수학/2024 수능/2024 수능 기하.pdf	평가원 수학/2024 수능/Questions/기하/2024 수능 기하 23번.png	1016	235
2024 수능	기하	24	9	평가원 수학/2024 수능/2024 수능 기하.pdf	평가원 수학/2024 수능/Questions/기하/2024 수능 기하 24번.png	949	332
2024 수능	기하	25	10	평가원 수학/2024 수능/2024 수능 기하.pdf	평가원 수학/2024 수능/Questions/기하/2024 수능 기하 25번.png	965	423
2024 수능	기하	26	10	평가원 수학/2024 수능/2024 수능 기하.pdf	평가원 수학/2024 수능/Questions/기하/2024 수능 기하 26번.png	1017	777
2024 수능	기하	27	11	평가원 수학/2024 수능/2024 수능 기하.pdf	평가원 수학/2024 수능/Questions/기하/2024 수능 기하 27번.png	1018	432
2024 수능	기하	28	11	평가원 수학/2024 수능/2024 수능 기하.pdf	평가원 수학/2024 수능/Questions/기하/2024 수능 기하 28번.png	1016	1778
2024 수능	기하	29	12	평가원 수학/2024 수능/2024 수능 기하.pdf	평가원 수학/2024 수능/Questions/기하/2024 수능 기하 29번.png	1017	615
2024 수능	기하	30	12	평가원 수학/2024 수능/2024 수능 기하.pdf	평가원 수학/2024 수능/Questions/기하/2024 수능 기하 30번.png	1017	660
2024 9모	공통	1	1	평가원 수학/2024 9모/2024 9모.pdf	평가원 수학/2024 9모/Questions/공통/2024 9모 공통 01번.png	895	227
2024 9모	공통	2	1	평가원 수학/2024 9모/2024 9모.pdf	평가원 수학/2024 9모/Questions/공통/2024 9모 공통 02번.png	971	226
2024 9모	공통	3	1	평가원 수학/2024 9모/2024 9모.pdf	평가원 수학/2024 9모/Questions/공통/2024 9모 공통 03번.png	937	327
2024 9모	공통	4	1	평가원 수학/2024 9모/2024 9모.pdf	평가원 수학/2024 9모/Questions/공통/2024 9모 공통 04번.png	898	863
2024 9모	공통	5	2	평가원 수학/2024 9모/2024 9모.pdf	평가원 수학/2024 9모/Questions/공통/2024 9모 공통 05번.png	914	428
2024 9모	공통	6	2	평가원 수학/2024 9모/2024 9모.pdf	평가원 수학/2024 9모/Questions/공통/2024 9모 공통 06번.png	930	295
2024 9모	공통	7	2	평가원 수학/2024 9모/2024 9모.pdf	평가원 수학/2024 9모/Questions/공통/2024 9모 공통 07번.png	928	452
2024 9모	공통	8	3	평가원 수학/2024 9모/2024 9모.pdf	평가원 수학/2024 9모/Questions/공통/2024 9모 공통 08번.png	898	368
2024 9모	공통	9	3	평가원 수학/2024 9모/2024 9모.pdf	평가원 수학/2024 9모/Questions/공통/2024 9모 공통 09번.png	951	504
2024 9모	공통	10	3	평가원 수학/2024 9모/2024 9모.pdf	평가원 수학/2024 9모/Questions/공통/2024 9모 공통 10번.png	912	352
2024 9모	공통	11	4	평가원 수학/2024 9모/2024 9모.pdf	평가원 수학/2024 9모/Questions/공통/2024 9모 공통 11번.png	1009	549
2024 9모	공통	12	4	평가원 수학/2024 9모/2024 9모.pdf	평가원 수학/2024 9모/Questions/공통/2024 9모 공통 12번.png	979	585
2024 9모	공통	13	5	평가원 수학/2024 9모/2024 9모.pdf	평가원 수학/2024 9모/Questions/공통/2024 9모 공통 13번.png	1014	809
2024 9모	공통	14	5	평가원 수학/2024 9모/2024 9모.pdf	평가원 수학/2024 9모/Questions/공통/2024 9모 공통 14번.png	1014	685
2024 9모	공통	15	6	평가원 수학/2024 9모/2024 9모.pdf	평가원 수학/2024 9모/Questions/공통/2024 9모 공통 15번.png	922	597
2024 9모	공통	16	6	평가원 수학/2024 9모/2024 9모.pdf	평가원 수학/2024 9모/Questions/공통/2024 9모 공통 16번.png	983	146
2024 9모	공통	17	6	평가원 수학/2024 9모/2024 9모.pdf	평가원 수학/2024 9모/Questions/공통/2024 9모 공통 17번.png	722	381
2024 9모	공통	18	7	평가원 수학/2024 9모/2024 9모.pdf	평가원 수학/2024 9모/Questions/공통/2024 9모 공통 18번.png	998	147
2024 9모	공통	19	7	평가원 수학/2024 9모/2024 9모.pdf	평가원 수학/2024 9모/Questions/공통/2024 9모 공통 19번.png	938	146
2024 9모	공통	20	7	평가원 수학/2024 9모/2024 9모.pdf	평가원 수학/2024 9모/Questions/공통/2024 9모 공통 20번.png	1016	1958
2024 9모	공통	21	8	평가원 수학/2024 9모/2024 9모.pdf	평가원 수학/2024 9모/Questions/공통/2024 9모 공통 21번.png	882	262
2024 9모	공통	22	8	평가원 수학/2024 9모/2024 9모.pdf	평가원 수학/2024 9모/Questions/공통/2024 9모 공통 22번.png	1016	625
2024 9모	확통	23	9	평가원 수학/2024 9모/2024 9모.pdf	평가원 수학/2024 9모/Questions/확통/2024 9모 확통 23번.png	941	280
2024 9모	확통	24	9	평가원 수학/2024 9모/2024 9모.pdf	평가원 수학/2024 9모/Questions/확통/2024 9모 확통 24번.png	1011	646
2024 9모	확통	25	10	평가원 수학/2024 9모/2024 9모.pdf	평가원 수학/2024 9모/Questions/확통/2024 9모 확통 25번.png	1014	453
2024 9모	확통	26	10	평가원 수학/2024 9모/2024 9모.pdf	평가원 수학/2024 9모/Questions/확통/2024 9모 확통 26번.png	1017	525
2024 9모	확통	27	11	평가원 수학/2024 9모/2024 9모.pdf	평가원 수학/2024 9모/Questions/확통/2024 9모 확통 27번.png	1017	560
2024 9모	확통	28	11	평가원 수학/2024 9모/2024 9모.pdf	평가원 수학/2024 9모/Questions/확통/2024 9모 확통 28번.png	1016	1499
2024 9모	확통	29	12	평가원 수학/2024 9모/2024 9모.pdf	평가원 수학/2024 9모/Questions/확통/2024 9모 확통 29번.png	1017	927
2024 9모	확통	30	12	평가원 수학/2024 9모/2024 9모.pdf	평가원 수학/2024 9모/Questions/확통/2024 9모 확통 30번.png	1017	367
2024 9모	미적	23	13	평가원 수학/2024 9모/2024 9모.pdf	평가원 수학/2024 9모/Questions/미적/2024 9모 미적 23번.png	912	268
2024 9모	미적	24	13	평가원 수학/2024 9모/2024 9모.pdf	평가원 수학/2024 9모/Questions/미적/2024 9모 미적 24번.png	897	411
2024 9모	미적	25	14	평가원 수학/2024 9모/2024 9모.pdf	평가원 수학/2024 9모/Questions/미적/2024 9모 미적 25번.png	1016	397
2024 9모	미적	26	14	평가원 수학/2024 9모/2024 9모.pdf	평가원 수학/2024 9모/Questions/미적/2024 9모 미적 26번.png	970	580
2024 9모	미적	27	15	평가원 수학/2024 9모/2024 9모.pdf	평가원 수학/2024 9모/Questions/미적/2024 9모 미적 27번.png	1012	313
2024 9모	미적	28	15	평가원 수학/2024 9모/2024 9모.pdf	평가원 수학/2024 9모/Questions/미적/2024 9모 미적 28번.png	1008	750
2024 9모	미적	29	16	평가원 수학/2024 9모/2024 9모.pdf	평가원 수학/2024 9모/Questions/미적/2024 9모 미적 29번.png	794	327
2024 9모	미적	30	16	평가원 수학/2024 9모/2024 9모.pdf	평가원 수학/2024 9모/Questions/미적/2024 9모 미적 30번.png	1018	978
2024 9모	기하	23	17	평가원 수학/2024 9모/2024 9모.pdf	평가원 수학/2024 9모/Questions/기하/2024 9모 기하 23번.png	983	235
2024 9모	기하	24	17	평가원 수학/2024 9모/2024 9모.pdf	평가원 수학/2024 9모/Questions/기하/2024 9모 기하 24번.png	1015	282
2024 9모	기하	25	18	평가원 수학/2024 9모/2024 9모.pdf	평가원 수학/2024 9모/Questions/기하/2024 9모 기하 25번.png	955	427
2024 9모	기하	26	18	평가원 수학/2024 9모/2024 9모.pdf	평가원 수학/2024 9모/Questions/기하/2024 9모 기하 26번.png	1009	975
2024 9모	기하	27	19	평가원 수학/2024 9모/2024 9모.pdf	평가원 수학/2024 9모/Questions/기하/2024 9모 기하 27번.png	1017	414
2024 9모	기하	28	19	평가원 수학/2024 9모/2024 9모.pdf	평가원 수학/2024 9모/Questions/기하/2024 9모 기하 28번.png	962	1156
2024 9모	기하	29	20	평가원 수학/2024 9모/2024 9모.pdf	평가원 수학/2024 9모/Questions/기하/2024 9모 기하 29번.png	1016	312
2024 9모	기하	30	20	평가원 수학/2024 9모/2024 9모.pdf	평가원 수학/2024 9모/Questions/기하/2024 9모 기하 30번.png	1017	712
2024 6모	공통	1	1	평가원 수학/2024 6모/2024 6모.pdf	평가원 수학/2024 6모/Questions/공통/2024 6모 공통 01번.png	909	246
2024 6모	공통	2	1	평가원 수학/2024 6모/2024 6모.pdf	평가원 수학/2024 6모/Questions/공통/2024 6모 공통 02번.png	940	283
2024 6모	공통	3	1	평가원 수학/2024 6모/2024 6모.pdf	평가원 수학/2024 6모/Questions/공통/2024 6모 공통 03번.png	1016	288
2024 6모	공통	4	1	평가원 수학/2024 6모/2024 6모.pdf	평가원 수학/2024 6모/Questions/공통/2024 6모 공통 04번.png	898	391
2024 6모	공통	5	2	평가원 수학/2024 6모/2024 6모.pdf	평가원 수학/2024 6모/Questions/공통/2024 6모 공통 05번.png	915	368
2024 6모	공통	6	2	평가원 수학/2024 6모/2024 6모.pdf	평가원 수학/2024 6모/Questions/공통/2024 6모 공통 06번.png	980	368
2024 6모	공통	7	2	평가원 수학/2024 6모/2024 6모.pdf	평가원 수학/2024 6모/Questions/공통/2024 6모 공통 07번.png	1006	345
2024 6모	공통	8	3	평가원 수학/2024 6모/2024 6모.pdf	평가원 수학/2024 6모/Questions/공통/2024 6모 공통 08번.png	977	237
2024 6모	공통	9	3	평가원 수학/2024 6모/2024 6모.pdf	평가원 수학/2024 6모/Questions/공통/2024 6모 공통 09번.png	912	516
2024 6모	공통	10	3	평가원 수학/2024 6모/2024 6모.pdf	평가원 수학/2024 6모/Questions/공통/2024 6모 공통 10번.png	1014	1367
2024 6모	공통	11	4	평가원 수학/2024 6모/2024 6모.pdf	평가원 수학/2024 6모/Questions/공통/2024 6모 공통 11번.png	1014	1048
2024 6모	공통	12	4	평가원 수학/2024 6모/2024 6모.pdf	평가원 수학/2024 6모/Questions/공통/2024 6모 공통 12번.png	1015	504
2024 6모	공통	13	5	평가원 수학/2024 6모/2024 6모.pdf	평가원 수학/2024 6모/Questions/공통/2024 6모 공통 13번.png	985	1385
2024 6모	공통	14	5	평가원 수학/2024 6모/2024 6모.pdf	평가원 수학/2024 6모/Questions/공통/2024 6모 공통 14번.png	997	576
2024 6모	공통	15	6	평가원 수학/2024 6모/2024 6모.pdf	평가원 수학/2024 6모/Questions/공통/2024 6모 공통 15번.png	1014	724
2024 6모	공통	16	6	평가원 수학/2024 6모/2024 6모.pdf	평가원 수학/2024 6모/Questions/공통/2024 6모 공통 16번.png	986	188
2024 6모	공통	17	6	평가원 수학/2024 6모/2024 6모.pdf	평가원 수학/2024 6모/Questions/공통/2024 6모 공통 17번.png	950	146
2024 6모	공통	18	7	평가원 수학/2024 6모/2024 6모.pdf	평가원 수학/2024 6모/Questions/공통/2024 6모 공통 18번.png	946	204
2024 6모	공통	19	7	평가원 수학/2024 6모/2024 6모.pdf	평가원 수학/2024 6모/Questions/공통/2024 6모 공통 19번.png	1014	551
2024 6모	공통	20	7	평가원 수학/2024 6모/2024 6모.pdf	평가원 수학/2024 6모/Questions/공통/2024 6모 공통 20번.png	1016	530
2024 6모	공통	21	8	평가원 수학/2024 6모/2024 6모.pdf	평가원 수학/2024 6모/Questions/공통/2024 6모 공통 21번.png	1017	946
2024 6모	공통	22	8	평가원 수학/2024 6모/2024 6모.pdf	평가원 수학/2024 6모/Questions/공통/2024 6모 공통 22번.png	1016	760
2024 6모	확통	23	9	평가원 수학/2024 6모/2024 6모.pdf	평가원 수학/2024 6모/Questions/확통/2024 6모 확통 23번.png	996	235
2024 6모	확통	24	9	평가원 수학/2024 6모/2024 6모.pdf	평가원 수학/2024 6모/Questions/확통/2024 6모 확통 24번.png	995	451
2024 6모	확통	25	10	평가원 수학/2024 6모/2024 6모.pdf	평가원 수학/2024 6모/Questions/확통/2024 6모 확통 25번.png	1016	391
2024 6모	확통	26	10	평가원 수학/2024 6모/2024 6모.pdf	평가원 수학/2024 6모/Questions/확통/2024 6모 확통 26번.png	989	179
2024 6모	확통	27	11	평가원 수학/2024 6모/2024 6모.pdf	평가원 수학/2024 6모/Questions/확통/2024 6모 확통 27번.png	1016	275
2024 6모	확통	28	11	평가원 수학/2024 6모/2024 6모.pdf	평가원 수학/2024 6모/Questions/확통/2024 6모 확통 28번.png	1016	536
2024 6모	확통	29	12	평가원 수학/2024 6모/2024 6모.pdf	평가원 수학/2024 6모/Questions/확통/2024 6모 확통 29번.png	1017	922
2024 6모	확통	30	12	평가원 수학/2024 6모/2024 6모.pdf	평가원 수학/2024 6모/Questions/확통/2024 6모 확통 30번.png	1018	1288
2024 6모	미적	23	13	평가원 수학/2024 6모/2024 6모.pdf	평가원 수학/2024 6모/Questions/미적/2024 6모 미적 23번.png	912	254
2024 6모	미적	24	13	평가원 수학/2024 6모/2024 6모.pdf	평가원 수학/2024 6모/Questions/미적/2024 6모 미적 24번.png	927	455
2024 6모	미적	25	14	평가원 수학/2024 6모/2024 6모.pdf	평가원 수학/2024 6모/Questions/미적/2024 6모 미적 25번.png	914	287
2024 6모	미적	26	14	평가원 수학/2024 6모/2024 6모.pdf	평가원 수학/2024 6모/Questions/미적/2024 6모 미적 26번.png	962	277
2024 6모	미적	27	15	평가원 수학/2024 6모/2024 6모.pdf	평가원 수학/2024 6모/Questions/미적/2024 6모 미적 27번.png	945	441
2024 6모	미적	28	15	평가원 수학/2024 6모/2024 6모.pdf	평가원 수학/2024 6모/Questions/미적/2024 6모 미적 28번.png	1016	685
2024 6모	미적	29	16	평가원 수학/2024 6모/2024 6모.pdf	평가원 수학/2024 6모/Questions/미적/2024 6모 미적 29번.png	1012	272
2024 6모	미적	30	16	평가원 수학/2024 6모/2024 6모.pdf	평가원 수학/2024 6모/Questions/미적/2024 6모 미적 30번.png	1017	933
2024 6모	기하	23	17	평가원 수학/2024 6모/2024 6모.pdf	평가원 수학/2024 6모/Questions/기하/2024 6모 기하 23번.png	1000	237
2024 6모	기하	24	17	평가원 수학/2024 6모/2024 6모.pdf	평가원 수학/2024 6모/Questions/기하/2024 6모 기하 24번.png	917	426
2024 6모	기하	25	18	평가원 수학/2024 6모/2024 6모.pdf	평가원 수학/2024 6모/Questions/기하/2024 6모 기하 25번.png	933	813
2024 6모	기하	26	18	평가원 수학/2024 6모/2024 6모.pdf	평가원 수학/2024 6모/Questions/기하/2024 6모 기하 26번.png	967	471
2024 6모	기하	27	19	평가원 수학/2024 6모/2024 6모.pdf	평가원 수학/2024 6모/Questions/기하/2024 6모 기하 27번.png	1012	435
2024 6모	기하	28	19	평가원 수학/2024 6모/2024 6모.pdf	평가원 수학/2024 6모/Questions/기하/2024 6모 기하 28번.png	1016	747
2024 6모	기하	29	20	평가원 수학/2024 6모/2024 6모.pdf	평가원 수학/2024 6모/Questions/기하/2024 6모 기하 29번.png	1017	1181
2024 6모	기하	30	20	평가원 수학/2024 6모/2024 6모.pdf	평가원 수학/2024 6모/Questions/기하/2024 6모 기하 30번.png	1013	1195
2023 수능	공통	1	1	평가원 수학/2023 수능/2023 수능 확통.pdf	평가원 수학/2023 수능/Questions/공통/2023 수능 공통 01번.png	896	276
2023 수능	공통	2	1	평가원 수학/2023 수능/2023 수능 확통.pdf	평가원 수학/2023 수능/Questions/공통/2023 수능 공통 02번.png	898	232
2023 수능	공통	3	1	평가원 수학/2023 수능/2023 수능 확통.pdf	평가원 수학/2023 수능/Questions/공통/2023 수능 공통 03번.png	915	414
2023 수능	공통	4	1	평가원 수학/2023 수능/2023 수능 확통.pdf	평가원 수학/2023 수능/Questions/공통/2023 수능 공통 04번.png	915	368
2023 수능	공통	5	2	평가원 수학/2023 수능/2023 수능 확통.pdf	평가원 수학/2023 수능/Questions/공통/2023 수능 공통 05번.png	1000	378
2023 수능	공통	6	2	평가원 수학/2023 수능/2023 수능 확통.pdf	평가원 수학/2023 수능/Questions/공통/2023 수능 공통 06번.png	1016	237
2023 수능	공통	7	2	평가원 수학/2023 수능/2023 수능 확통.pdf	평가원 수학/2023 수능/Questions/공통/2023 수능 공통 07번.png	993	431
2023 수능	공통	8	3	평가원 수학/2023 수능/2023 수능 확통.pdf	평가원 수학/2023 수능/Questions/공통/2023 수능 공통 08번.png	1016	276
2023 수능	공통	9	3	평가원 수학/2023 수능/2023 수능 확통.pdf	평가원 수학/2023 수능/Questions/공통/2023 수능 공통 09번.png	966	508
2023 수능	공통	10	3	평가원 수학/2023 수능/2023 수능 확통.pdf	평가원 수학/2023 수능/Questions/공통/2023 수능 공통 10번.png	934	1252
2023 수능	공통	11	4	평가원 수학/2023 수능/2023 수능 확통.pdf	평가원 수학/2023 수능/Questions/공통/2023 수능 공통 11번.png	873	1104
2023 수능	공통	12	4	평가원 수학/2023 수능/2023 수능 확통.pdf	평가원 수학/2023 수능/Questions/공통/2023 수능 공통 12번.png	1014	900
2023 수능	공통	13	5	평가원 수학/2023 수능/2023 수능 확통.pdf	평가원 수학/2023 수능/Questions/공통/2023 수능 공통 13번.png	1013	350
2023 수능	공통	14	5	평가원 수학/2023 수능/2023 수능 확통.pdf	평가원 수학/2023 수능/Questions/공통/2023 수능 공통 14번.png	1014	995
2023 수능	공통	15	6	평가원 수학/2023 수능/2023 수능 확통.pdf	평가원 수학/2023 수능/Questions/공통/2023 수능 공통 15번.png	1014	803
2023 수능	공통	16	6	평가원 수학/2023 수능/2023 수능 확통.pdf	평가원 수학/2023 수능/Questions/공통/2023 수능 공통 16번.png	766	277
2023 수능	공통	17	6	평가원 수학/2023 수능/2023 수능 확통.pdf	평가원 수학/2023 수능/Questions/공통/2023 수능 공통 17번.png	969	147
2023 수능	공통	18	7	평가원 수학/2023 수능/2023 수능 확통.pdf	평가원 수학/2023 수능/Questions/공통/2023 수능 공통 18번.png	714	381
2023 수능	공통	19	7	평가원 수학/2023 수능/2023 수능 확통.pdf	평가원 수학/2023 수능/Questions/공통/2023 수능 공통 19번.png	946	145
2023 수능	공통	20	7	평가원 수학/2023 수능/2023 수능 확통.pdf	평가원 수학/2023 수능/Questions/공통/2023 수능 공통 20번.png	1016	467
2023 수능	공통	21	8	평가원 수학/2023 수능/2023 수능 확통.pdf	평가원 수학/2023 수능/Questions/공통/2023 수능 공통 21번.png	1018	499
2023 수능	공통	22	8	평가원 수학/2023 수능/2023 수능 확통.pdf	평가원 수학/2023 수능/Questions/공통/2023 수능 공통 22번.png	1016	601
2023 수능	확통	23	9	평가원 수학/2023 수능/2023 수능 확통.pdf	평가원 수학/2023 수능/Questions/확통/2023 수능 확통 23번.png	930	185
2023 수능	확통	24	9	평가원 수학/2023 수능/2023 수능 확통.pdf	평가원 수학/2023 수능/Questions/확통/2023 수능 확통 24번.png	1014	293
2023 수능	확통	25	10	평가원 수학/2023 수능/2023 수능 확통.pdf	평가원 수학/2023 수능/Questions/확통/2023 수능 확통 25번.png	986	391
2023 수능	확통	26	10	평가원 수학/2023 수능/2023 수능 확통.pdf	평가원 수학/2023 수능/Questions/확통/2023 수능 확통 26번.png	1015	1000
2023 수능	확통	27	11	평가원 수학/2023 수능/2023 수능 확통.pdf	평가원 수학/2023 수능/Questions/확통/2023 수능 확통 27번.png	1016	704
2023 수능	확통	28	11	평가원 수학/2023 수능/2023 수능 확통.pdf	평가원 수학/2023 수능/Questions/확통/2023 수능 확통 28번.png	928	801
2023 수능	확통	29	12	평가원 수학/2023 수능/2023 수능 확통.pdf	평가원 수학/2023 수능/Questions/확통/2023 수능 확통 29번.png	1017	1197
2023 수능	확통	30	12	평가원 수학/2023 수능/2023 수능 확통.pdf	평가원 수학/2023 수능/Questions/확통/2023 수능 확통 30번.png	1018	557
2023 수능	미적	23	9	평가원 수학/2023 수능/2023 수능 미적.pdf	평가원 수학/2023 수능/Questions/미적/2023 수능 미적 23번.png	898	227
2023 수능	미적	24	9	평가원 수학/2023 수능/2023 수능 미적.pdf	평가원 수학/2023 수능/Questions/미적/2023 수능 미적 24번.png	928	271
2023 수능	미적	25	10	평가원 수학/2023 수능/2023 수능 미적.pdf	평가원 수학/2023 수능/Questions/미적/2023 수능 미적 25번.png	915	292
2023 수능	미적	26	10	평가원 수학/2023 수능/2023 수능 미적.pdf	평가원 수학/2023 수능/Questions/미적/2023 수능 미적 26번.png	1003	1144
2023 수능	미적	27	11	평가원 수학/2023 수능/2023 수능 미적.pdf	평가원 수학/2023 수능/Questions/미적/2023 수능 미적 27번.png	1018	2305
2023 수능	미적	28	11	평가원 수학/2023 수능/2023 수능 미적.pdf	평가원 수학/2023 수능/Questions/미적/2023 수능 미적 28번.png	1006	1239
2023 수능	미적	29	12	평가원 수학/2023 수능/2023 수능 미적.pdf	평가원 수학/2023 수능/Questions/미적/2023 수능 미적 29번.png	1017	683
2023 수능	미적	30	12	평가원 수학/2023 수능/2023 수능 미적.pdf	평가원 수학/2023 수능/Questions/미적/2023 수능 미적 30번.png	1017	688
2023 수능	기하	23	9	평가원 수학/2023 수능/2023 수능 기하.pdf	평가원 수학/2023 수능/Questions/기하/2023 수능 기하 23번.png	1016	293
2023 수능	기하	24	9	평가원 수학/2023 수능/2023 수능 기하.pdf	평가원 수학/2023 수능/Questions/기하/2023 수능 기하 24번.png	1016	280
2023 수능	기하	25	10	평가원 수학/2023 수능/2023 수능 기하.pdf	평가원 수학/2023 수능/Questions/기하/2023 수능 기하 25번.png	952	394
2023 수능	기하	26	10	평가원 수학/2023 수능/2023 수능 기하.pdf	평가원 수학/2023 수능/Questions/기하/2023 수능 기하 26번.png	935	649
2023 수능	기하	27	11	평가원 수학/2023 수능/2023 수능 기하.pdf	평가원 수학/2023 수능/Questions/기하/2023 수능 기하 27번.png	1013	1055
2023 수능	기하	28	11	평가원 수학/2023 수능/2023 수능 기하.pdf	평가원 수학/2023 수능/Questions/기하/2023 수능 기하 28번.png	983	1243
2023 수능	기하	29	12	평가원 수학/2023 수능/2023 수능 기하.pdf	평가원 수학/2023 수능/Questions/기하/2023 수능 기하 29번.png	1017	947
2023 수능	기하	30	12	평가원 수학/2023 수능/2023 수능 기하.pdf	평가원 수학/2023 수능/Questions/기하/2023 수능 기하 30번.png	992	1285
2023 9모	공통	1	1	평가원 수학/2023 9모/2023 9모.pdf	평가원 수학/2023 9모/Questions/공통/2023 9모 공통 01번.png	911	270
2023 9모	공통	2	1	평가원 수학/2023 9모/2023 9모.pdf	평가원 수학/2023 9모/Questions/공통/2023 9모 공통 02번.png	1015	227
2023 9모	공통	3	1	평가원 수학/2023 9모/2023 9모.pdf	평가원 수학/2023 9모/Questions/공통/2023 9모 공통 03번.png	956	257
2023 9모	공통	4	1	평가원 수학/2023 9모/2023 9모.pdf	평가원 수학/2023 9모/Questions/공통/2023 9모 공통 04번.png	991	544
2023 9모	공통	5	2	평가원 수학/2023 9모/2023 9모.pdf	평가원 수학/2023 9모/Questions/공통/2023 9모 공통 05번.png	914	376
2023 9모	공통	6	2	평가원 수학/2023 9모/2023 9모.pdf	평가원 수학/2023 9모/Questions/공통/2023 9모 공통 06번.png	898	239
2023 9모	공통	7	2	평가원 수학/2023 9모/2023 9모.pdf	평가원 수학/2023 9모/Questions/공통/2023 9모 공통 07번.png	966	332
2023 9모	공통	8	3	평가원 수학/2023 9모/2023 9모.pdf	평가원 수학/2023 9모/Questions/공통/2023 9모 공통 08번.png	915	244
2023 9모	공통	9	3	평가원 수학/2023 9모/2023 9모.pdf	평가원 수학/2023 9모/Questions/공통/2023 9모 공통 09번.png	1007	640
2023 9모	공통	10	3	평가원 수학/2023 9모/2023 9모.pdf	평가원 수학/2023 9모/Questions/공통/2023 9모 공통 10번.png	1013	543
2023 9모	공통	11	4	평가원 수학/2023 9모/2023 9모.pdf	평가원 수학/2023 9모/Questions/공통/2023 9모 공통 11번.png	1014	401
2023 9모	공통	12	4	평가원 수학/2023 9모/2023 9모.pdf	평가원 수학/2023 9모/Questions/공통/2023 9모 공통 12번.png	1012	1158
2023 9모	공통	13	5	평가원 수학/2023 9모/2023 9모.pdf	평가원 수학/2023 9모/Questions/공통/2023 9모 공통 13번.png	934	1080
2023 9모	공통	14	5	평가원 수학/2023 9모/2023 9모.pdf	평가원 수학/2023 9모/Questions/공통/2023 9모 공통 14번.png	1013	917
2023 9모	공통	15	6	평가원 수학/2023 9모/2023 9모.pdf	평가원 수학/2023 9모/Questions/공통/2023 9모 공통 15번.png	1014	921
2023 9모	공통	16	6	평가원 수학/2023 9모/2023 9모.pdf	평가원 수학/2023 9모/Questions/공통/2023 9모 공통 16번.png	953	146
2023 9모	공통	17	6	평가원 수학/2023 9모/2023 9모.pdf	평가원 수학/2023 9모/Questions/공통/2023 9모 공통 17번.png	1013	149
2023 9모	공통	18	7	평가원 수학/2023 9모/2023 9모.pdf	평가원 수학/2023 9모/Questions/공통/2023 9모 공통 18번.png	765	379
2023 9모	공통	19	7	평가원 수학/2023 9모/2023 9모.pdf	평가원 수학/2023 9모/Questions/공통/2023 9모 공통 19번.png	1007	148
2023 9모	공통	20	7	평가원 수학/2023 9모/2023 9모.pdf	평가원 수학/2023 9모/Questions/공통/2023 9모 공통 20번.png	909	393
2023 9모	공통	21	8	평가원 수학/2023 9모/2023 9모.pdf	평가원 수학/2023 9모/Questions/공통/2023 9모 공통 21번.png	1003	1243
2023 9모	공통	22	8	평가원 수학/2023 9모/2023 9모.pdf	평가원 수학/2023 9모/Questions/공통/2023 9모 공통 22번.png	1008	570
2023 9모	확통	23	9	평가원 수학/2023 9모/2023 9모.pdf	평가원 수학/2023 9모/Questions/확통/2023 9모 확통 23번.png	929	186
2023 9모	확통	24	9	평가원 수학/2023 9모/2023 9모.pdf	평가원 수학/2023 9모/Questions/확통/2023 9모 확통 24번.png	939	447
2023 9모	확통	25	10	평가원 수학/2023 9모/2023 9모.pdf	평가원 수학/2023 9모/Questions/확통/2023 9모 확통 25번.png	1011	526
2023 9모	확통	26	10	평가원 수학/2023 9모/2023 9모.pdf	평가원 수학/2023 9모/Questions/확통/2023 9모 확통 26번.png	1017	794
2023 9모	확통	27	11	평가원 수학/2023 9모/2023 9모.pdf	평가원 수학/2023 9모/Questions/확통/2023 9모 확통 27번.png	1016	560
2023 9모	확통	28	11	평가원 수학/2023 9모/2023 9모.pdf	평가원 수학/2023 9모/Questions/확통/2023 9모 확통 28번.png	1001	335
2023 9모	확통	29	12	평가원 수학/2023 9모/2023 9모.pdf	평가원 수학/2023 9모/Questions/확통/2023 9모 확통 29번.png	982	876
2023 9모	확통	30	12	평가원 수학/2023 9모/2023 9모.pdf	평가원 수학/2023 9모/Questions/확통/2023 9모 확통 30번.png	1017	499
2023 9모	미적	23	13	평가원 수학/2023 9모/2023 9모.pdf	평가원 수학/2023 9모/Questions/미적/2023 9모 미적 23번.png	949	222
2023 9모	미적	24	13	평가원 수학/2023 9모/2023 9모.pdf	평가원 수학/2023 9모/Questions/미적/2023 9모 미적 24번.png	930	268
2023 9모	미적	25	14	평가원 수학/2023 9모/2023 9모.pdf	평가원 수학/2023 9모/Questions/미적/2023 9모 미적 25번.png	897	343
2023 9모	미적	26	14	평가원 수학/2023 9모/2023 9모.pdf	평가원 수학/2023 9모/Questions/미적/2023 9모 미적 26번.png	961	953
2023 9모	미적	27	15	평가원 수학/2023 9모/2023 9모.pdf	평가원 수학/2023 9모/Questions/미적/2023 9모 미적 27번.png	1011	1801
2023 9모	미적	28	15	평가원 수학/2023 9모/2023 9모.pdf	평가원 수학/2023 9모/Questions/미적/2023 9모 미적 28번.png	1013	1300
2023 9모	미적	29	16	평가원 수학/2023 9모/2023 9모.pdf	평가원 수학/2023 9모/Questions/미적/2023 9모 미적 29번.png	1010	886
2023 9모	미적	30	16	평가원 수학/2023 9모/2023 9모.pdf	평가원 수학/2023 9모/Questions/미적/2023 9모 미적 30번.png	1017	695
2023 9모	기하	23	17	평가원 수학/2023 9모/2023 9모.pdf	평가원 수학/2023 9모/Questions/기하/2023 9모 기하 23번.png	1008	237
2023 9모	기하	24	17	평가원 수학/2023 9모/2023 9모.pdf	평가원 수학/2023 9모/Questions/기하/2023 9모 기하 24번.png	919	292
2023 9모	기하	25	18	평가원 수학/2023 9모/2023 9모.pdf	평가원 수학/2023 9모/Questions/기하/2023 9모 기하 25번.png	1015	1252
2023 9모	기하	26	18	평가원 수학/2023 9모/2023 9모.pdf	평가원 수학/2023 9모/Questions/기하/2023 9모 기하 26번.png	1018	570
2023 9모	기하	27	19	평가원 수학/2023 9모/2023 9모.pdf	평가원 수학/2023 9모/Questions/기하/2023 9모 기하 27번.png	1016	1156
2023 9모	기하	28	19	평가원 수학/2023 9모/2023 9모.pdf	평가원 수학/2023 9모/Questions/기하/2023 9모 기하 28번.png	1011	1398
2023 9모	기하	29	20	평가원 수학/2023 9모/2023 9모.pdf	평가원 수학/2023 9모/Questions/기하/2023 9모 기하 29번.png	1017	1437
2023 9모	기하	30	20	평가원 수학/2023 9모/2023 9모.pdf	평가원 수학/2023 9모/Questions/기하/2023 9모 기하 30번.png	1017	835
2023 6모	공통	1	1	평가원 수학/2023 6모/2023 6모.pdf	평가원 수학/2023 6모/Questions/공통/2023 6모 공통 01번.png	895	207
2023 6모	공통	2	1	평가원 수학/2023 6모/2023 6모.pdf	평가원 수학/2023 6모/Questions/공통/2023 6모 공통 02번.png	1015	227
2023 6모	공통	3	1	평가원 수학/2023 6모/2023 6모.pdf	평가원 수학/2023 6모/Questions/공통/2023 6모 공통 03번.png	995	315
2023 6모	공통	4	1	평가원 수학/2023 6모/2023 6모.pdf	평가원 수학/2023 6모/Questions/공통/2023 6모 공통 04번.png	898	836
2023 6모	공통	5	2	평가원 수학/2023 6모/2023 6모.pdf	평가원 수학/2023 6모/Questions/공통/2023 6모 공통 05번.png	914	414
2023 6모	공통	6	2	평가원 수학/2023 6모/2023 6모.pdf	평가원 수학/2023 6모/Questions/공통/2023 6모 공통 06번.png	928	641
2023 6모	공통	7	2	평가원 수학/2023 6모/2023 6모.pdf	평가원 수학/2023 6모/Questions/공통/2023 6모 공통 07번.png	914	393
2023 6모	공통	8	3	평가원 수학/2023 6모/2023 6모.pdf	평가원 수학/2023 6모/Questions/공통/2023 6모 공통 08번.png	1017	471
2023 6모	공통	9	3	평가원 수학/2023 6모/2023 6모.pdf	평가원 수학/2023 6모/Questions/공통/2023 6모 공통 09번.png	898	554
2023 6모	공통	10	3	평가원 수학/2023 6모/2023 6모.pdf	평가원 수학/2023 6모/Questions/공통/2023 6모 공통 10번.png	1013	1056
2023 6모	공통	11	4	평가원 수학/2023 6모/2023 6모.pdf	평가원 수학/2023 6모/Questions/공통/2023 6모 공통 11번.png	945	486
2023 6모	공통	12	4	평가원 수학/2023 6모/2023 6모.pdf	평가원 수학/2023 6모/Questions/공통/2023 6모 공통 12번.png	1013	570
2023 6모	공통	13	5	평가원 수학/2023 6모/2023 6모.pdf	평가원 수학/2023 6모/Questions/공통/2023 6모 공통 13번.png	1006	1522
2023 6모	공통	14	5	평가원 수학/2023 6모/2023 6모.pdf	평가원 수학/2023 6모/Questions/공통/2023 6모 공통 14번.png	1013	1104
2023 6모	공통	15	6	평가원 수학/2023 6모/2023 6모.pdf	평가원 수학/2023 6모/Questions/공통/2023 6모 공통 15번.png	1014	719
2023 6모	공통	16	6	평가원 수학/2023 6모/2023 6모.pdf	평가원 수학/2023 6모/Questions/공통/2023 6모 공통 16번.png	1003	146
2023 6모	공통	17	6	평가원 수학/2023 6모/2023 6모.pdf	평가원 수학/2023 6모/Questions/공통/2023 6모 공통 17번.png	1013	149
2023 6모	공통	18	7	평가원 수학/2023 6모/2023 6모.pdf	평가원 수학/2023 6모/Questions/공통/2023 6모 공통 18번.png	932	132
2023 6모	공통	19	7	평가원 수학/2023 6모/2023 6모.pdf	평가원 수학/2023 6모/Questions/공통/2023 6모 공통 19번.png	889	206
2023 6모	공통	20	7	평가원 수학/2023 6모/2023 6모.pdf	평가원 수학/2023 6모/Questions/공통/2023 6모 공통 20번.png	957	255
2023 6모	공통	21	8	평가원 수학/2023 6모/2023 6모.pdf	평가원 수학/2023 6모/Questions/공통/2023 6모 공통 21번.png	1008	190
2023 6모	공통	22	8	평가원 수학/2023 6모/2023 6모.pdf	평가원 수학/2023 6모/Questions/공통/2023 6모 공통 22번.png	1016	792
2023 6모	확통	23	9	평가원 수학/2023 6모/2023 6모.pdf	평가원 수학/2023 6모/Questions/확통/2023 6모 확통 23번.png	998	236
2023 6모	확통	24	9	평가원 수학/2023 6모/2023 6모.pdf	평가원 수학/2023 6모/Questions/확통/2023 6모 확통 24번.png	1017	927
2023 6모	확통	25	10	평가원 수학/2023 6모/2023 6모.pdf	평가원 수학/2023 6모/Questions/확통/2023 6모 확통 25번.png	1016	696
2023 6모	확통	26	10	평가원 수학/2023 6모/2023 6모.pdf	평가원 수학/2023 6모/Questions/확통/2023 6모 확통 26번.png	1016	248
2023 6모	확통	27	11	평가원 수학/2023 6모/2023 6모.pdf	평가원 수학/2023 6모/Questions/확통/2023 6모 확통 27번.png	1016	521
2023 6모	확통	28	11	평가원 수학/2023 6모/2023 6모.pdf	평가원 수학/2023 6모/Questions/확통/2023 6모 확통 28번.png	1002	393
2023 6모	확통	29	12	평가원 수학/2023 6모/2023 6모.pdf	평가원 수학/2023 6모/Questions/확통/2023 6모 확통 29번.png	1016	369
2023 6모	확통	30	12	평가원 수학/2023 6모/2023 6모.pdf	평가원 수학/2023 6모/Questions/확통/2023 6모 확통 30번.png	1018	421
2023 6모	미적	23	13	평가원 수학/2023 6모/2023 6모.pdf	평가원 수학/2023 6모/Questions/미적/2023 6모 미적 23번.png	897	267
2023 6모	미적	24	13	평가원 수학/2023 6모/2023 6모.pdf	평가원 수학/2023 6모/Questions/미적/2023 6모 미적 24번.png	964	240
2023 6모	미적	25	14	평가원 수학/2023 6모/2023 6모.pdf	평가원 수학/2023 6모/Questions/미적/2023 6모 미적 25번.png	911	279
2023 6모	미적	26	14	평가원 수학/2023 6모/2023 6모.pdf	평가원 수학/2023 6모/Questions/미적/2023 6모 미적 26번.png	1017	2230
2023 6모	미적	27	15	평가원 수학/2023 6모/2023 6모.pdf	평가원 수학/2023 6모/Questions/미적/2023 6모 미적 27번.png	911	459
2023 6모	미적	28	15	평가원 수학/2023 6모/2023 6모.pdf	평가원 수학/2023 6모/Questions/미적/2023 6모 미적 28번.png	1016	958
2023 6모	미적	29	16	평가원 수학/2023 6모/2023 6모.pdf	평가원 수학/2023 6모/Questions/미적/2023 6모 미적 29번.png	1016	1200
2023 6모	미적	30	16	평가원 수학/2023 6모/2023 6모.pdf	평가원 수학/2023 6모/Questions/미적/2023 6모 미적 30번.png	977	796
2023 6모	기하	23	17	평가원 수학/2023 6모/2023 6모.pdf	평가원 수학/2023 6모/Questions/기하/2023 6모 기하 23번.png	1015	446
2023 6모	기하	24	17	평가원 수학/2023 6모/2023 6모.pdf	평가원 수학/2023 6모/Questions/기하/2023 6모 기하 24번.png	993	351
2023 6모	기하	25	18	평가원 수학/2023 6모/2023 6모.pdf	평가원 수학/2023 6모/Questions/기하/2023 6모 기하 25번.png	949	453
2023 6모	기하	26	18	평가원 수학/2023 6모/2023 6모.pdf	평가원 수학/2023 6모/Questions/기하/2023 6모 기하 26번.png	1007	1087
2023 6모	기하	27	19	평가원 수학/2023 6모/2023 6모.pdf	평가원 수학/2023 6모/Questions/기하/2023 6모 기하 27번.png	971	771
2023 6모	기하	28	19	평가원 수학/2023 6모/2023 6모.pdf	평가원 수학/2023 6모/Questions/기하/2023 6모 기하 28번.png	1016	511
2023 6모	기하	29	20	평가원 수학/2023 6모/2023 6모.pdf	평가원 수학/2023 6모/Questions/기하/2023 6모 기하 29번.png	1017	1317
2023 6모	기하	30	20	평가원 수학/2023 6모/2023 6모.pdf	평가원 수학/2023 6모/Questions/기하/2023 6모 기하 30번.png	1017	1416
2022 수능	공통	1	1	평가원 수학/2022 수능/2022 수능 확통.pdf	평가원 수학/2022 수능/Questions/공통/2022 수능 공통 01번.png	896	236
2022 수능	공통	2	1	평가원 수학/2022 수능/2022 수능 확통.pdf	평가원 수학/2022 수능/Questions/공통/2022 수능 공통 02번.png	975	181
2022 수능	공통	3	1	평가원 수학/2022 수능/2022 수능 확통.pdf	평가원 수학/2022 수능/Questions/공통/2022 수능 공통 03번.png	914	376
2022 수능	공통	4	1	평가원 수학/2022 수능/2022 수능 확통.pdf	평가원 수학/2022 수능/Questions/공통/2022 수능 공통 04번.png	898	809
2022 수능	공통	5	2	평가원 수학/2022 수능/2022 수능 확통.pdf	평가원 수학/2022 수능/Questions/공통/2022 수능 공통 05번.png	914	538
2022 수능	공통	6	2	평가원 수학/2022 수능/2022 수능 확통.pdf	평가원 수학/2022 수능/Questions/공통/2022 수능 공통 06번.png	1017	239
2022 수능	공통	7	2	평가원 수학/2022 수능/2022 수능 확통.pdf	평가원 수학/2022 수능/Questions/공통/2022 수능 공통 07번.png	854	427
2022 수능	공통	8	3	평가원 수학/2022 수능/2022 수능 확통.pdf	평가원 수학/2022 수능/Questions/공통/2022 수능 공통 08번.png	966	279
2022 수능	공통	9	3	평가원 수학/2022 수능/2022 수능 확통.pdf	평가원 수학/2022 수능/Questions/공통/2022 수능 공통 09번.png	1010	1315
2022 수능	공통	10	3	평가원 수학/2022 수능/2022 수능 확통.pdf	평가원 수학/2022 수능/Questions/공통/2022 수능 공통 10번.png	1013	295
2022 수능	공통	11	4	평가원 수학/2022 수능/2022 수능 확통.pdf	평가원 수학/2022 수능/Questions/공통/2022 수능 공통 11번.png	1007	1533
2022 수능	공통	12	4	평가원 수학/2022 수능/2022 수능 확통.pdf	평가원 수학/2022 수능/Questions/공통/2022 수능 공통 12번.png	1013	568
2022 수능	공통	13	5	평가원 수학/2022 수능/2022 수능 확통.pdf	평가원 수학/2022 수능/Questions/공통/2022 수능 공통 13번.png	1013	428
2022 수능	공통	14	5	평가원 수학/2022 수능/2022 수능 확통.pdf	평가원 수학/2022 수능/Questions/공통/2022 수능 공통 14번.png	1013	1096
2022 수능	공통	15	6	평가원 수학/2022 수능/2022 수능 확통.pdf	평가원 수학/2022 수능/Questions/공통/2022 수능 공통 15번.png	1014	2422
2022 수능	공통	16	6	평가원 수학/2022 수능/2022 수능 확통.pdf	평가원 수학/2022 수능/Questions/공통/2022 수능 공통 16번.png	743	125
2022 수능	공통	17	6	평가원 수학/2022 수능/2022 수능 확통.pdf	평가원 수학/2022 수능/Questions/공통/2022 수능 공통 17번.png	978	148
2022 수능	공통	18	7	평가원 수학/2022 수능/2022 수능 확통.pdf	평가원 수학/2022 수능/Questions/공통/2022 수능 공통 18번.png	814	333
2022 수능	공통	19	7	평가원 수학/2022 수능/2022 수능 확통.pdf	평가원 수학/2022 수능/Questions/공통/2022 수능 공통 19번.png	1009	152
2022 수능	공통	20	7	평가원 수학/2022 수능/2022 수능 확통.pdf	평가원 수학/2022 수능/Questions/공통/2022 수능 공통 20번.png	1017	570
2022 수능	공통	21	8	평가원 수학/2022 수능/2022 수능 확통.pdf	평가원 수학/2022 수능/Questions/공통/2022 수능 공통 21번.png	1016	552
2022 수능	공통	22	8	평가원 수학/2022 수능/2022 수능 확통.pdf	평가원 수학/2022 수능/Questions/공통/2022 수능 공통 22번.png	1020	2820
2022 수능	확통	23	9	평가원 수학/2022 수능/2022 수능 확통.pdf	평가원 수학/2022 수능/Questions/확통/2022 수능 확통 23번.png	913	181
2022 수능	확통	24	9	평가원 수학/2022 수능/2022 수능 확통.pdf	평가원 수학/2022 수능/Questions/확통/2022 수능 확통 24번.png	1016	281
2022 수능	확통	25	10	평가원 수학/2022 수능/2022 수능 확통.pdf	평가원 수학/2022 수능/Questions/확통/2022 수능 확통 25번.png	1016	468
2022 수능	확통	26	10	평가원 수학/2022 수능/2022 수능 확통.pdf	평가원 수학/2022 수능/Questions/확통/2022 수능 확통 26번.png	987	818
2022 수능	확통	27	11	평가원 수학/2022 수능/2022 수능 확통.pdf	평가원 수학/2022 수능/Questions/확통/2022 수능 확통 27번.png	1011	913
2022 수능	확통	28	11	평가원 수학/2022 수능/2022 수능 확통.pdf	평가원 수학/2022 수능/Questions/확통/2022 수능 확통 28번.png	1016	467
2022 수능	확통	29	12	평가원 수학/2022 수능/2022 수능 확통.pdf	평가원 수학/2022 수능/Questions/확통/2022 수능 확통 29번.png	1015	956
2022 수능	확통	30	12	평가원 수학/2022 수능/2022 수능 확통.pdf	평가원 수학/2022 수능/Questions/확통/2022 수능 확통 30번.png	1017	970
2022 수능	미적	23	9	평가원 수학/2022 수능/2022 수능 미적.pdf	평가원 수학/2022 수능/Questions/미적/2022 수능 미적 23번.png	897	317
2022 수능	미적	24	9	평가원 수학/2022 수능/2022 수능 미적.pdf	평가원 수학/2022 수능/Questions/미적/2022 수능 미적 24번.png	988	468
2022 수능	미적	25	10	평가원 수학/2022 수능/2022 수능 미적.pdf	평가원 수학/2022 수능/Questions/미적/2022 수능 미적 25번.png	897	475
2022 수능	미적	26	10	평가원 수학/2022 수능/2022 수능 미적.pdf	평가원 수학/2022 수능/Questions/미적/2022 수능 미적 26번.png	939	270
2022 수능	미적	27	11	평가원 수학/2022 수능/2022 수능 미적.pdf	평가원 수학/2022 수능/Questions/미적/2022 수능 미적 27번.png	1016	550
2022 수능	미적	28	11	평가원 수학/2022 수능/2022 수능 미적.pdf	평가원 수학/2022 수능/Questions/미적/2022 수능 미적 28번.png	1016	424
2022 수능	미적	29	12	평가원 수학/2022 수능/2022 수능 미적.pdf	평가원 수학/2022 수능/Questions/미적/2022 수능 미적 29번.png	1016	1193
2022 수능	미적	30	12	평가원 수학/2022 수능/2022 수능 미적.pdf	평가원 수학/2022 수능/Questions/미적/2022 수능 미적 30번.png	1017	683
2022 수능	기하	23	9	평가원 수학/2022 수능/2022 수능 기하.pdf	평가원 수학/2022 수능/Questions/기하/2022 수능 기하 23번.png	985	362
2022 수능	기하	24	9	평가원 수학/2022 수능/2022 수능 기하.pdf	평가원 수학/2022 수능/Questions/기하/2022 수능 기하 24번.png	924	439
2022 수능	기하	25	10	평가원 수학/2022 수능/2022 수능 기하.pdf	평가원 수학/2022 수능/Questions/기하/2022 수능 기하 25번.png	949	452
2022 수능	기하	26	10	평가원 수학/2022 수능/2022 수능 기하.pdf	평가원 수학/2022 수능/Questions/기하/2022 수능 기하 26번.png	1000	1295
2022 수능	기하	27	11	평가원 수학/2022 수능/2022 수능 기하.pdf	평가원 수학/2022 수능/Questions/기하/2022 수능 기하 27번.png	1017	886
2022 수능	기하	28	11	평가원 수학/2022 수능/2022 수능 기하.pdf	평가원 수학/2022 수능/Questions/기하/2022 수능 기하 28번.png	971	1142
2022 수능	기하	29	12	평가원 수학/2022 수능/2022 수능 기하.pdf	평가원 수학/2022 수능/Questions/기하/2022 수능 기하 29번.png	1016	1305
2022 수능	기하	30	12	평가원 수학/2022 수능/2022 수능 기하.pdf	평가원 수학/2022 수능/Questions/기하/2022 수능 기하 30번.png	1018	1580
2022 9모	공통	1	1	평가원 수학/2022 9모/2022 9모.pdf	평가원 수학/2022 9모/Questions/공통/2022 9모 공통 01번.png	895	275
2022 9모	공통	2	1	평가원 수학/2022 9모/2022 9모.pdf	평가원 수학/2022 9모/Questions/공통/2022 9모 공통 02번.png	919	181
2022 9모	공통	3	1	평가원 수학/2022 9모/2022 9모.pdf	평가원 수학/2022 9모/Questions/공통/2022 9모 공통 03번.png	899	432
2022 9모	공통	4	1	평가원 수학/2022 9모/2022 9모.pdf	평가원 수학/2022 9모/Questions/공통/2022 9모 공통 04번.png	960	481
2022 9모	공통	5	2	평가원 수학/2022 9모/2022 9모.pdf	평가원 수학/2022 9모/Questions/공통/2022 9모 공통 05번.png	968	239
2022 9모	공통	6	2	평가원 수학/2022 9모/2022 9모.pdf	평가원 수학/2022 9모/Questions/공통/2022 9모 공통 06번.png	950	322
2022 9모	공통	7	2	평가원 수학/2022 9모/2022 9모.pdf	평가원 수학/2022 9모/Questions/공통/2022 9모 공통 07번.png	926	427
2022 9모	공통	8	3	평가원 수학/2022 9모/2022 9모.pdf	평가원 수학/2022 9모/Questions/공통/2022 9모 공통 08번.png	914	412
2022 9모	공통	9	3	평가원 수학/2022 9모/2022 9모.pdf	평가원 수학/2022 9모/Questions/공통/2022 9모 공통 09번.png	1012	484
2022 9모	공통	10	3	평가원 수학/2022 9모/2022 9모.pdf	평가원 수학/2022 9모/Questions/공통/2022 9모 공통 10번.png	966	1116
2022 9모	공통	11	4	평가원 수학/2022 9모/2022 9모.pdf	평가원 수학/2022 9모/Questions/공통/2022 9모 공통 11번.png	921	523
2022 9모	공통	12	4	평가원 수학/2022 9모/2022 9모.pdf	평가원 수학/2022 9모/Questions/공통/2022 9모 공통 12번.png	1009	1089
2022 9모	공통	13	5	평가원 수학/2022 9모/2022 9모.pdf	평가원 수학/2022 9모/Questions/공통/2022 9모 공통 13번.png	1014	524
2022 9모	공통	14	5	평가원 수학/2022 9모/2022 9모.pdf	평가원 수학/2022 9모/Questions/공통/2022 9모 공통 14번.png	1013	1028
2022 9모	공통	15	6	평가원 수학/2022 9모/2022 9모.pdf	평가원 수학/2022 9모/Questions/공통/2022 9모 공통 15번.png	932	833
2022 9모	공통	16	6	평가원 수학/2022 9모/2022 9모.pdf	평가원 수학/2022 9모/Questions/공통/2022 9모 공통 16번.png	730	86
2022 9모	공통	17	6	평가원 수학/2022 9모/2022 9모.pdf	평가원 수학/2022 9모/Questions/공통/2022 9모 공통 17번.png	1013	148
2022 9모	공통	18	7	평가원 수학/2022 9모/2022 9모.pdf	평가원 수학/2022 9모/Questions/공통/2022 9모 공통 18번.png	717	381
2022 9모	공통	19	7	평가원 수학/2022 9모/2022 9모.pdf	평가원 수학/2022 9모/Questions/공통/2022 9모 공통 19번.png	977	308
2022 9모	공통	20	7	평가원 수학/2022 9모/2022 9모.pdf	평가원 수학/2022 9모/Questions/공통/2022 9모 공통 20번.png	997	368
2022 9모	공통	21	8	평가원 수학/2022 9모/2022 9모.pdf	평가원 수학/2022 9모/Questions/공통/2022 9모 공통 21번.png	978	1127
2022 9모	공통	22	8	평가원 수학/2022 9모/2022 9모.pdf	평가원 수학/2022 9모/Questions/공통/2022 9모 공통 22번.png	1016	614
2022 9모	확통	23	9	평가원 수학/2022 9모/2022 9모.pdf	평가원 수학/2022 9모/Questions/확통/2022 9모 확통 23번.png	1016	281
2022 9모	확통	24	9	평가원 수학/2022 9모/2022 9모.pdf	평가원 수학/2022 9모/Questions/확통/2022 9모 확통 24번.png	1016	334
2022 9모	확통	25	10	평가원 수학/2022 9모/2022 9모.pdf	평가원 수학/2022 9모/Questions/확통/2022 9모 확통 25번.png	1016	282
2022 9모	확통	26	10	평가원 수학/2022 9모/2022 9모.pdf	평가원 수학/2022 9모/Questions/확통/2022 9모 확통 26번.png	1016	1285
2022 9모	확통	27	11	평가원 수학/2022 9모/2022 9모.pdf	평가원 수학/2022 9모/Questions/확통/2022 9모 확통 27번.png	1017	1218
2022 9모	확통	28	11	평가원 수학/2022 9모/2022 9모.pdf	평가원 수학/2022 9모/Questions/확통/2022 9모 확통 28번.png	1017	536
2022 9모	확통	29	12	평가원 수학/2022 9모/2022 9모.pdf	평가원 수학/2022 9모/Questions/확통/2022 9모 확통 29번.png	1016	634
2022 9모	확통	30	12	평가원 수학/2022 9모/2022 9모.pdf	평가원 수학/2022 9모/Questions/확통/2022 9모 확통 30번.png	1018	499
2022 9모	미적	23	13	평가원 수학/2022 9모/2022 9모.pdf	평가원 수학/2022 9모/Questions/미적/2022 9모 미적 23번.png	914	230
2022 9모	미적	24	13	평가원 수학/2022 9모/2022 9모.pdf	평가원 수학/2022 9모/Questions/미적/2022 9모 미적 24번.png	1015	277
2022 9모	미적	25	14	평가원 수학/2022 9모/2022 9모.pdf	평가원 수학/2022 9모/Questions/미적/2022 9모 미적 25번.png	911	452
2022 9모	미적	26	14	평가원 수학/2022 9모/2022 9모.pdf	평가원 수학/2022 9모/Questions/미적/2022 9모 미적 26번.png	917	1133
2022 9모	미적	27	15	평가원 수학/2022 9모/2022 9모.pdf	평가원 수학/2022 9모/Questions/미적/2022 9모 미적 27번.png	1016	2242
2022 9모	미적	28	15	평가원 수학/2022 9모/2022 9모.pdf	평가원 수학/2022 9모/Questions/미적/2022 9모 미적 28번.png	991	1388
2022 9모	미적	29	16	평가원 수학/2022 9모/2022 9모.pdf	평가원 수학/2022 9모/Questions/미적/2022 9모 미적 29번.png	1016	594
2022 9모	미적	30	16	평가원 수학/2022 9모/2022 9모.pdf	평가원 수학/2022 9모/Questions/미적/2022 9모 미적 30번.png	1017	737
2022 9모	기하	23	17	평가원 수학/2022 9모/2022 9모.pdf	평가원 수학/2022 9모/Questions/기하/2022 9모 기하 23번.png	1016	237
2022 9모	기하	24	17	평가원 수학/2022 9모/2022 9모.pdf	평가원 수학/2022 9모/Questions/기하/2022 9모 기하 24번.png	1016	328
2022 9모	기하	25	18	평가원 수학/2022 9모/2022 9모.pdf	평가원 수학/2022 9모/Questions/기하/2022 9모 기하 25번.png	897	573
2022 9모	기하	26	18	평가원 수학/2022 9모/2022 9모.pdf	평가원 수학/2022 9모/Questions/기하/2022 9모 기하 26번.png	988	1011
2022 9모	기하	27	19	평가원 수학/2022 9모/2022 9모.pdf	평가원 수학/2022 9모/Questions/기하/2022 9모 기하 27번.png	1015	1037
2022 9모	기하	28	19	평가원 수학/2022 9모/2022 9모.pdf	평가원 수학/2022 9모/Questions/기하/2022 9모 기하 28번.png	1007	1213
2022 9모	기하	29	20	평가원 수학/2022 9모/2022 9모.pdf	평가원 수학/2022 9모/Questions/기하/2022 9모 기하 29번.png	1017	1576
2022 9모	기하	30	20	평가원 수학/2022 9모/2022 9모.pdf	평가원 수학/2022 9모/Questions/기하/2022 9모 기하 30번.png	990	681
2022 6모	공통	1	1	평가원 수학/2022 6모/2022 6모 확통.pdf	평가원 수학/2022 6모/Questions/공통/2022 6모 공통 01번.png	947	192
2022 6모	공통	2	1	평가원 수학/2022 6모/2022 6모 확통.pdf	평가원 수학/2022 6모/Questions/공통/2022 6모 공통 02번.png	895	369
2022 6모	공통	3	1	평가원 수학/2022 6모/2022 6모 확통.pdf	평가원 수학/2022 6모/Questions/공통/2022 6모 공통 03번.png	987	315
2022 6모	공통	4	1	평가원 수학/2022 6모/2022 6모 확통.pdf	평가원 수학/2022 6모/Questions/공통/2022 6모 공통 04번.png	896	821
2022 6모	공통	5	2	평가원 수학/2022 6모/2022 6모 확통.pdf	평가원 수학/2022 6모/Questions/공통/2022 6모 공통 05번.png	913	369
2022 6모	공통	6	2	평가원 수학/2022 6모/2022 6모 확통.pdf	평가원 수학/2022 6모/Questions/공통/2022 6모 공통 06번.png	1014	239
2022 6모	공통	7	2	평가원 수학/2022 6모/2022 6모 확통.pdf	평가원 수학/2022 6모/Questions/공통/2022 6모 공통 07번.png	946	440
2022 6모	공통	8	3	평가원 수학/2022 6모/2022 6모 확통.pdf	평가원 수학/2022 6모/Questions/공통/2022 6모 공통 08번.png	1016	538
2022 6모	공통	9	3	평가원 수학/2022 6모/2022 6모 확통.pdf	평가원 수학/2022 6모/Questions/공통/2022 6모 공통 09번.png	911	603
2022 6모	공통	10	3	평가원 수학/2022 6모/2022 6모 확통.pdf	평가원 수학/2022 6모/Questions/공통/2022 6모 공통 10번.png	928	427
2022 6모	공통	11	4	평가원 수학/2022 6모/2022 6모 확통.pdf	평가원 수학/2022 6모/Questions/공통/2022 6모 공통 11번.png	1012	886
2022 6모	공통	12	4	평가원 수학/2022 6모/2022 6모 확통.pdf	평가원 수학/2022 6모/Questions/공통/2022 6모 공통 12번.png	965	1043
2022 6모	공통	13	5	평가원 수학/2022 6모/2022 6모 확통.pdf	평가원 수학/2022 6모/Questions/공통/2022 6모 공통 13번.png	1005	618
2022 6모	공통	14	5	평가원 수학/2022 6모/2022 6모 확통.pdf	평가원 수학/2022 6모/Questions/공통/2022 6모 공통 14번.png	1013	565
2022 6모	공통	15	6	평가원 수학/2022 6모/2022 6모 확통.pdf	평가원 수학/2022 6모/Questions/공통/2022 6모 공통 15번.png	1012	1032
2022 6모	공통	16	6	평가원 수학/2022 6모/2022 6모 확통.pdf	평가원 수학/2022 6모/Questions/공통/2022 6모 공통 16번.png	706	117
2022 6모	공통	17	6	평가원 수학/2022 6모/2022 6모 확통.pdf	평가원 수학/2022 6모/Questions/공통/2022 6모 공통 17번.png	855	149
2022 6모	공통	18	7	평가원 수학/2022 6모/2022 6모 확통.pdf	평가원 수학/2022 6모/Questions/공통/2022 6모 공통 18번.png	753	323
2022 6모	공통	19	7	평가원 수학/2022 6모/2022 6모 확통.pdf	평가원 수학/2022 6모/Questions/공통/2022 6모 공통 19번.png	968	453
2022 6모	공통	20	7	평가원 수학/2022 6모/2022 6모 확통.pdf	평가원 수학/2022 6모/Questions/공통/2022 6모 공통 20번.png	962	382
2022 6모	공통	21	8	평가원 수학/2022 6모/2022 6모 확통.pdf	평가원 수학/2022 6모/Questions/공통/2022 6모 공통 21번.png	1014	473
2022 6모	공통	22	8	평가원 수학/2022 6모/2022 6모 확통.pdf	평가원 수학/2022 6모/Questions/공통/2022 6모 공통 22번.png	1015	553
2022 6모	확통	23	9	평가원 수학/2022 6모/2022 6모 확통.pdf	평가원 수학/2022 6모/Questions/확통/2022 6모 확통 23번.png	928	180
2022 6모	확통	24	9	평가원 수학/2022 6모/2022 6모 확통.pdf	평가원 수학/2022 6모/Questions/확통/2022 6모 확통 24번.png	1014	956
2022 6모	확통	25	10	평가원 수학/2022 6모/2022 6모 확통.pdf	평가원 수학/2022 6모/Questions/확통/2022 6모 확통 25번.png	1015	391
2022 6모	확통	26	10	평가원 수학/2022 6모/2022 6모 확통.pdf	평가원 수학/2022 6모/Questions/확통/2022 6모 확통 26번.png	1014	410
2022 6모	확통	27	11	평가원 수학/2022 6모/2022 6모 확통.pdf	평가원 수학/2022 6모/Questions/확통/2022 6모 확통 27번.png	1013	334
2022 6모	확통	28	11	평가원 수학/2022 6모/2022 6모 확통.pdf	평가원 수학/2022 6모/Questions/확통/2022 6모 확통 28번.png	984	409
2022 6모	확통	29	12	평가원 수학/2022 6모/2022 6모 확통.pdf	평가원 수학/2022 6모/Questions/확통/2022 6모 확통 29번.png	1014	895
2022 6모	확통	30	12	평가원 수학/2022 6모/2022 6모 확통.pdf	평가원 수학/2022 6모/Questions/확통/2022 6모 확통 30번.png	1004	849
2022 6모	미적	23	9	평가원 수학/2022 6모/2022 6모 미적.pdf	평가원 수학/2022 6모/Questions/미적/2022 6모 미적 23번.png	895	229
2022 6모	미적	24	9	평가원 수학/2022 6모/2022 6모 미적.pdf	평가원 수학/2022 6모/Questions/미적/2022 6모 미적 24번.png	910	451
2022 6모	미적	25	10	평가원 수학/2022 6모/2022 6모 미적.pdf	평가원 수학/2022 6모/Questions/미적/2022 6모 미적 25번.png	963	394
2022 6모	미적	26	10	평가원 수학/2022 6모/2022 6모 미적.pdf	평가원 수학/2022 6모/Questions/미적/2022 6모 미적 26번.png	1015	1822
2022 6모	미적	27	11	평가원 수학/2022 6모/2022 6모 미적.pdf	평가원 수학/2022 6모/Questions/미적/2022 6모 미적 27번.png	1015	555
2022 6모	미적	28	11	평가원 수학/2022 6모/2022 6모 미적.pdf	평가원 수학/2022 6모/Questions/미적/2022 6모 미적 28번.png	995	1149
2022 6모	미적	29	12	평가원 수학/2022 6모/2022 6모 미적.pdf	평가원 수학/2022 6모/Questions/미적/2022 6모 미적 29번.png	930	373
2022 6모	미적	30	12	평가원 수학/2022 6모/2022 6모 미적.pdf	평가원 수학/2022 6모/Questions/미적/2022 6모 미적 30번.png	997	345
2022 6모	기하	23	9	평가원 수학/2022 6모/2022 6모 기하.pdf	평가원 수학/2022 6모/Questions/기하/2022 6모 기하 23번.png	1007	247
2022 6모	기하	24	9	평가원 수학/2022 6모/2022 6모 기하.pdf	평가원 수학/2022 6모/Questions/기하/2022 6모 기하 24번.png	1014	322
2022 6모	기하	25	10	평가원 수학/2022 6모/2022 6모 기하.pdf	평가원 수학/2022 6모/Questions/기하/2022 6모 기하 25번.png	932	428
2022 6모	기하	26	10	평가원 수학/2022 6모/2022 6모 기하.pdf	평가원 수학/2022 6모/Questions/기하/2022 6모 기하 26번.png	974	727
2022 6모	기하	27	11	평가원 수학/2022 6모/2022 6모 기하.pdf	평가원 수학/2022 6모/Questions/기하/2022 6모 기하 27번.png	1015	1087
2022 6모	기하	28	11	평가원 수학/2022 6모/2022 6모 기하.pdf	평가원 수학/2022 6모/Questions/기하/2022 6모 기하 28번.png	972	1011
2022 6모	기하	29	12	평가원 수학/2022 6모/2022 6모 기하.pdf	평가원 수학/2022 6모/Questions/기하/2022 6모 기하 29번.png	1015	1101
2022 6모	기하	30	12	평가원 수학/2022 6모/2022 6모 기하.pdf	평가원 수학/2022 6모/Questions/기하/2022 6모 기하 30번.png	1016	705
2021 수능	가형	1	1	평가원 수학/2021 수능/2021 수능 가형.pdf	평가원 수학/2021 수능/Questions/가형/2021 수능 가형 01번.png	653	190
2021 수능	가형	2	1	평가원 수학/2021 수능/2021 수능 가형.pdf	평가원 수학/2021 수능/Questions/가형/2021 수능 가형 02번.png	653	178
2021 수능	가형	3	1	평가원 수학/2021 수능/2021 수능 가형.pdf	평가원 수학/2021 수능/Questions/가형/2021 수능 가형 03번.png	735	236
2021 수능	가형	4	1	평가원 수학/2021 수능/2021 수능 가형.pdf	평가원 수학/2021 수능/Questions/가형/2021 수능 가형 04번.png	690	334
2021 수능	가형	5	2	평가원 수학/2021 수능/2021 수능 가형.pdf	평가원 수학/2021 수능/Questions/가형/2021 수능 가형 05번.png	733	167
2021 수능	가형	6	2	평가원 수학/2021 수능/2021 수능 가형.pdf	평가원 수학/2021 수능/Questions/가형/2021 수능 가형 06번.png	673	264
2021 수능	가형	7	2	평가원 수학/2021 수능/2021 수능 가형.pdf	평가원 수학/2021 수능/Questions/가형/2021 수능 가형 07번.png	734	188
2021 수능	가형	8	3	평가원 수학/2021 수능/2021 수능 가형.pdf	평가원 수학/2021 수능/Questions/가형/2021 수능 가형 08번.png	653	232
2021 수능	가형	9	3	평가원 수학/2021 수능/2021 수능 가형.pdf	평가원 수학/2021 수능/Questions/가형/2021 수능 가형 09번.png	735	548
2021 수능	가형	10	3	평가원 수학/2021 수능/2021 수능 가형.pdf	평가원 수학/2021 수능/Questions/가형/2021 수능 가형 10번.png	686	668
2021 수능	가형	11	4	평가원 수학/2021 수능/2021 수능 가형.pdf	평가원 수학/2021 수능/Questions/가형/2021 수능 가형 11번.png	632	216
2021 수능	가형	12	4	평가원 수학/2021 수능/2021 수능 가형.pdf	평가원 수학/2021 수능/Questions/가형/2021 수능 가형 12번.png	735	540
2021 수능	가형	13	5	평가원 수학/2021 수능/2021 수능 가형.pdf	평가원 수학/2021 수능/Questions/가형/2021 수능 가형 13번.png	732	657
2021 수능	가형	14	5	평가원 수학/2021 수능/2021 수능 가형.pdf	평가원 수학/2021 수능/Questions/가형/2021 수능 가형 14번.png	732	1497
2021 수능	가형	15	6	평가원 수학/2021 수능/2021 수능 가형.pdf	평가원 수학/2021 수능/Questions/가형/2021 수능 가형 15번.png	732	496
2021 수능	가형	16	6	평가원 수학/2021 수능/2021 수능 가형.pdf	평가원 수학/2021 수능/Questions/가형/2021 수능 가형 16번.png	733	1674
2021 수능	가형	17	7	평가원 수학/2021 수능/2021 수능 가형.pdf	평가원 수학/2021 수능/Questions/가형/2021 수능 가형 17번.png	732	512
2021 수능	가형	18	7	평가원 수학/2021 수능/2021 수능 가형.pdf	평가원 수학/2021 수능/Questions/가형/2021 수능 가형 18번.png	733	406
2021 수능	가형	19	8	평가원 수학/2021 수능/2021 수능 가형.pdf	평가원 수학/2021 수능/Questions/가형/2021 수능 가형 19번.png	732	924
2021 수능	가형	20	8	평가원 수학/2021 수능/2021 수능 가형.pdf	평가원 수학/2021 수능/Questions/가형/2021 수능 가형 20번.png	734	441
2021 수능	가형	21	9	평가원 수학/2021 수능/2021 수능 가형.pdf	평가원 수학/2021 수능/Questions/가형/2021 수능 가형 21번.png	734	447
2021 수능	가형	22	9	평가원 수학/2021 수능/2021 수능 가형.pdf	평가원 수학/2021 수능/Questions/가형/2021 수능 가형 22번.png	668	110
2021 수능	가형	23	9	평가원 수학/2021 수능/2021 수능 가형.pdf	평가원 수학/2021 수능/Questions/가형/2021 수능 가형 23번.png	734	150
2021 수능	가형	24	10	평가원 수학/2021 수능/2021 수능 가형.pdf	평가원 수학/2021 수능/Questions/가형/2021 수능 가형 24번.png	735	862
2021 수능	가형	25	10	평가원 수학/2021 수능/2021 수능 가형.pdf	평가원 수학/2021 수능/Questions/가형/2021 수능 가형 25번.png	703	194
2021 수능	가형	26	10	평가원 수학/2021 수능/2021 수능 가형.pdf	평가원 수학/2021 수능/Questions/가형/2021 수능 가형 26번.png	736	742
2021 수능	가형	27	11	평가원 수학/2021 수능/2021 수능 가형.pdf	평가원 수학/2021 수능/Questions/가형/2021 수능 가형 27번.png	713	138
2021 수능	가형	28	11	평가원 수학/2021 수능/2021 수능 가형.pdf	평가원 수학/2021 수능/Questions/가형/2021 수능 가형 28번.png	734	455
2021 수능	가형	29	12	평가원 수학/2021 수능/2021 수능 가형.pdf	평가원 수학/2021 수능/Questions/가형/2021 수능 가형 29번.png	734	433
2021 수능	가형	30	12	평가원 수학/2021 수능/2021 수능 가형.pdf	평가원 수학/2021 수능/Questions/가형/2021 수능 가형 30번.png	734	492
2021 수능	나형	1	1	평가원 수학/2021 수능/2021 수능 나형.pdf	평가원 수학/2021 수능/Questions/나형/2021 수능 나형 01번.png	653	165
2021 수능	나형	2	1	평가원 수학/2021 수능/2021 수능 나형.pdf	평가원 수학/2021 수능/Questions/나형/2021 수능 나형 02번.png	666	247
2021 수능	나형	3	1	평가원 수학/2021 수능/2021 수능 나형.pdf	평가원 수학/2021 수능/Questions/나형/2021 수능 나형 03번.png	661	166
2021 수능	나형	4	1	평가원 수학/2021 수능/2021 수능 나형.pdf	평가원 수학/2021 수능/Questions/나형/2021 수능 나형 04번.png	661	142
2021 수능	나형	5	2	평가원 수학/2021 수능/2021 수능 나형.pdf	평가원 수학/2021 수능/Questions/나형/2021 수능 나형 05번.png	660	333
2021 수능	나형	6	2	평가원 수학/2021 수능/2021 수능 나형.pdf	평가원 수학/2021 수능/Questions/나형/2021 수능 나형 06번.png	664	147
2021 수능	나형	7	2	평가원 수학/2021 수능/2021 수능 나형.pdf	평가원 수학/2021 수능/Questions/나형/2021 수능 나형 07번.png	733	167
2021 수능	나형	8	3	평가원 수학/2021 수능/2021 수능 나형.pdf	평가원 수학/2021 수능/Questions/나형/2021 수능 나형 08번.png	697	203
2021 수능	나형	9	3	평가원 수학/2021 수능/2021 수능 나형.pdf	평가원 수학/2021 수능/Questions/나형/2021 수능 나형 09번.png	695	182
2021 수능	나형	10	3	평가원 수학/2021 수능/2021 수능 나형.pdf	평가원 수학/2021 수능/Questions/나형/2021 수능 나형 10번.png	660	342
2021 수능	나형	11	4	평가원 수학/2021 수능/2021 수능 나형.pdf	평가원 수학/2021 수능/Questions/나형/2021 수능 나형 11번.png	675	255
2021 수능	나형	12	4	평가원 수학/2021 수능/2021 수능 나형.pdf	평가원 수학/2021 수능/Questions/나형/2021 수능 나형 12번.png	671	307
2021 수능	나형	13	5	평가원 수학/2021 수능/2021 수능 나형.pdf	평가원 수학/2021 수능/Questions/나형/2021 수능 나형 13번.png	732	282
2021 수능	나형	14	5	평가원 수학/2021 수능/2021 수능 나형.pdf	평가원 수학/2021 수능/Questions/나형/2021 수능 나형 14번.png	721	347
2021 수능	나형	15	6	평가원 수학/2021 수능/2021 수능 나형.pdf	평가원 수학/2021 수능/Questions/나형/2021 수능 나형 15번.png	732	799
2021 수능	나형	16	6	평가원 수학/2021 수능/2021 수능 나형.pdf	평가원 수학/2021 수능/Questions/나형/2021 수능 나형 16번.png	664	295
2021 수능	나형	17	7	평가원 수학/2021 수능/2021 수능 나형.pdf	평가원 수학/2021 수능/Questions/나형/2021 수능 나형 17번.png	732	350
2021 수능	나형	18	7	평가원 수학/2021 수능/2021 수능 나형.pdf	평가원 수학/2021 수능/Questions/나형/2021 수능 나형 18번.png	733	657
2021 수능	나형	19	8	평가원 수학/2021 수능/2021 수능 나형.pdf	평가원 수학/2021 수능/Questions/나형/2021 수능 나형 19번.png	732	531
2021 수능	나형	20	8	평가원 수학/2021 수능/2021 수능 나형.pdf	평가원 수학/2021 수능/Questions/나형/2021 수능 나형 20번.png	688	464
2021 수능	나형	21	9	평가원 수학/2021 수능/2021 수능 나형.pdf	평가원 수학/2021 수능/Questions/나형/2021 수능 나형 21번.png	734	411
2021 수능	나형	22	9	평가원 수학/2021 수능/2021 수능 나형.pdf	평가원 수학/2021 수능/Questions/나형/2021 수능 나형 22번.png	725	75
2021 수능	나형	23	9	평가원 수학/2021 수능/2021 수능 나형.pdf	평가원 수학/2021 수능/Questions/나형/2021 수능 나형 23번.png	734	120
2021 수능	나형	24	10	평가원 수학/2021 수능/2021 수능 나형.pdf	평가원 수학/2021 수능/Questions/나형/2021 수능 나형 24번.png	509	68
2021 수능	나형	25	10	평가원 수학/2021 수능/2021 수능 나형.pdf	평가원 수학/2021 수능/Questions/나형/2021 수능 나형 25번.png	727	119
2021 수능	나형	26	10	평가원 수학/2021 수능/2021 수능 나형.pdf	평가원 수학/2021 수능/Questions/나형/2021 수능 나형 26번.png	707	344
2021 수능	나형	27	11	평가원 수학/2021 수능/2021 수능 나형.pdf	평가원 수학/2021 수능/Questions/나형/2021 수능 나형 27번.png	697	119
2021 수능	나형	28	11	평가원 수학/2021 수능/2021 수능 나형.pdf	평가원 수학/2021 수능/Questions/나형/2021 수능 나형 28번.png	675	604
2021 수능	나형	29	12	평가원 수학/2021 수능/2021 수능 나형.pdf	평가원 수학/2021 수능/Questions/나형/2021 수능 나형 29번.png	734	900
2021 수능	나형	30	12	평가원 수학/2021 수능/2021 수능 나형.pdf	평가원 수학/2021 수능/Questions/나형/2021 수능 나형 30번.png	718	353
2021 9모	가형	1	1	평가원 수학/2021 9모/2021 9모 가형.pdf	평가원 수학/2021 9모/Questions/가형/2021 9모 가형 01번.png	911	207
2021 9모	가형	2	1	평가원 수학/2021 9모/2021 9모 가형.pdf	평가원 수학/2021 9모/Questions/가형/2021 9모 가형 02번.png	897	228
2021 9모	가형	3	1	평가원 수학/2021 9모/2021 9모 가형.pdf	평가원 수학/2021 9모/Questions/가형/2021 9모 가형 03번.png	912	447
2021 9모	가형	4	1	평가원 수학/2021 9모/2021 9모 가형.pdf	평가원 수학/2021 9모/Questions/가형/2021 9모 가형 04번.png	898	267
2021 9모	가형	5	2	평가원 수학/2021 9모/2021 9모 가형.pdf	평가원 수학/2021 9모/Questions/가형/2021 9모 가형 05번.png	945	520
2021 9모	가형	6	2	평가원 수학/2021 9모/2021 9모 가형.pdf	평가원 수학/2021 9모/Questions/가형/2021 9모 가형 06번.png	788	377
2021 9모	가형	7	2	평가원 수학/2021 9모/2021 9모 가형.pdf	평가원 수학/2021 9모/Questions/가형/2021 9모 가형 07번.png	1015	453
2021 9모	가형	8	3	평가원 수학/2021 9모/2021 9모 가형.pdf	평가원 수학/2021 9모/Questions/가형/2021 9모 가형 08번.png	898	345
2021 9모	가형	9	3	평가원 수학/2021 9모/2021 9모 가형.pdf	평가원 수학/2021 9모/Questions/가형/2021 9모 가형 09번.png	1017	901
2021 9모	가형	10	3	평가원 수학/2021 9모/2021 9모 가형.pdf	평가원 수학/2021 9모/Questions/가형/2021 9모 가형 10번.png	911	382
2021 9모	가형	11	4	평가원 수학/2021 9모/2021 9모 가형.pdf	평가원 수학/2021 9모/Questions/가형/2021 9모 가형 11번.png	925	459
2021 9모	가형	12	4	평가원 수학/2021 9모/2021 9모 가형.pdf	평가원 수학/2021 9모/Questions/가형/2021 9모 가형 12번.png	976	878
2021 9모	가형	13	5	평가원 수학/2021 9모/2021 9모 가형.pdf	평가원 수학/2021 9모/Questions/가형/2021 9모 가형 13번.png	1015	1035
2021 9모	가형	14	5	평가원 수학/2021 9모/2021 9모 가형.pdf	평가원 수학/2021 9모/Questions/가형/2021 9모 가형 14번.png	1015	825
2021 9모	가형	15	6	평가원 수학/2021 9모/2021 9모 가형.pdf	평가원 수학/2021 9모/Questions/가형/2021 9모 가형 15번.png	922	604
2021 9모	가형	16	6	평가원 수학/2021 9모/2021 9모 가형.pdf	평가원 수학/2021 9모/Questions/가형/2021 9모 가형 16번.png	1013	2349
2021 9모	가형	17	7	평가원 수학/2021 9모/2021 9모 가형.pdf	평가원 수학/2021 9모/Questions/가형/2021 9모 가형 17번.png	1014	567
2021 9모	가형	18	7	평가원 수학/2021 9모/2021 9모 가형.pdf	평가원 수학/2021 9모/Questions/가형/2021 9모 가형 18번.png	1013	1119
2021 9모	가형	19	8	평가원 수학/2021 9모/2021 9모 가형.pdf	평가원 수학/2021 9모/Questions/가형/2021 9모 가형 19번.png	1010	393
2021 9모	가형	20	8	평가원 수학/2021 9모/2021 9모 가형.pdf	평가원 수학/2021 9모/Questions/가형/2021 9모 가형 20번.png	919	551
2021 9모	가형	21	9	평가원 수학/2021 9모/2021 9모 가형.pdf	평가원 수학/2021 9모/Questions/가형/2021 9모 가형 21번.png	1016	663
2021 9모	가형	22	9	평가원 수학/2021 9모/2021 9모 가형.pdf	평가원 수학/2021 9모/Questions/가형/2021 9모 가형 22번.png	920	135
2021 9모	가형	23	9	평가원 수학/2021 9모/2021 9모 가형.pdf	평가원 수학/2021 9모/Questions/가형/2021 9모 가형 23번.png	1015	146
2021 9모	가형	24	10	평가원 수학/2021 9모/2021 9모 가형.pdf	평가원 수학/2021 9모/Questions/가형/2021 9모 가형 24번.png	929	278
2021 9모	가형	25	10	평가원 수학/2021 9모/2021 9모 가형.pdf	평가원 수학/2021 9모/Questions/가형/2021 9모 가형 25번.png	983	132
2021 9모	가형	26	10	평가원 수학/2021 9모/2021 9모 가형.pdf	평가원 수학/2021 9모/Questions/가형/2021 9모 가형 26번.png	1015	623
2021 9모	가형	27	11	평가원 수학/2021 9모/2021 9모 가형.pdf	평가원 수학/2021 9모/Questions/가형/2021 9모 가형 27번.png	1015	347
2021 9모	가형	28	11	평가원 수학/2021 9모/2021 9모 가형.pdf	평가원 수학/2021 9모/Questions/가형/2021 9모 가형 28번.png	1017	1063
2021 9모	가형	29	12	평가원 수학/2021 9모/2021 9모 가형.pdf	평가원 수학/2021 9모/Questions/가형/2021 9모 가형 29번.png	1011	261
2021 9모	가형	30	12	평가원 수학/2021 9모/2021 9모 가형.pdf	평가원 수학/2021 9모/Questions/가형/2021 9모 가형 30번.png	1017	651
2021 9모	나형	1	1	평가원 수학/2021 9모/2021 9모 나형.pdf	평가원 수학/2021 9모/Questions/나형/2021 9모 나형 01번.png	911	207
2021 9모	나형	2	1	평가원 수학/2021 9모/2021 9모 나형.pdf	평가원 수학/2021 9모/Questions/나형/2021 9모 나형 02번.png	906	181
2021 9모	나형	3	1	평가원 수학/2021 9모/2021 9모 나형.pdf	평가원 수학/2021 9모/Questions/나형/2021 9모 나형 03번.png	913	263
2021 9모	나형	4	1	평가원 수학/2021 9모/2021 9모 나형.pdf	평가원 수학/2021 9모/Questions/나형/2021 9모 나형 04번.png	915	229
2021 9모	나형	5	2	평가원 수학/2021 9모/2021 9모 나형.pdf	평가원 수학/2021 9모/Questions/나형/2021 9모 나형 05번.png	912	448
2021 9모	나형	6	2	평가원 수학/2021 9모/2021 9모 나형.pdf	평가원 수학/2021 9모/Questions/나형/2021 9모 나형 06번.png	957	827
2021 9모	나형	7	2	평가원 수학/2021 9모/2021 9모 나형.pdf	평가원 수학/2021 9모/Questions/나형/2021 9모 나형 07번.png	912	376
2021 9모	나형	8	3	평가원 수학/2021 9모/2021 9모 나형.pdf	평가원 수학/2021 9모/Questions/나형/2021 9모 나형 08번.png	998	379
2021 9모	나형	9	3	평가원 수학/2021 9모/2021 9모 나형.pdf	평가원 수학/2021 9모/Questions/나형/2021 9모 나형 09번.png	982	285
2021 9모	나형	10	3	평가원 수학/2021 9모/2021 9모 나형.pdf	평가원 수학/2021 9모/Questions/나형/2021 9모 나형 10번.png	911	505
2021 9모	나형	11	4	평가원 수학/2021 9모/2021 9모 나형.pdf	평가원 수학/2021 9모/Questions/나형/2021 9모 나형 11번.png	911	425
2021 9모	나형	12	4	평가원 수학/2021 9모/2021 9모 나형.pdf	평가원 수학/2021 9모/Questions/나형/2021 9모 나형 12번.png	1015	585
2021 9모	나형	13	5	평가원 수학/2021 9모/2021 9모 나형.pdf	평가원 수학/2021 9모/Questions/나형/2021 9모 나형 13번.png	932	528
2021 9모	나형	14	5	평가원 수학/2021 9모/2021 9모 나형.pdf	평가원 수학/2021 9모/Questions/나형/2021 9모 나형 14번.png	1014	901
2021 9모	나형	15	6	평가원 수학/2021 9모/2021 9모 나형.pdf	평가원 수학/2021 9모/Questions/나형/2021 9모 나형 15번.png	1015	1035
2021 9모	나형	16	6	평가원 수학/2021 9모/2021 9모 나형.pdf	평가원 수학/2021 9모/Questions/나형/2021 9모 나형 16번.png	1013	2349
2021 9모	나형	17	7	평가원 수학/2021 9모/2021 9모 나형.pdf	평가원 수학/2021 9모/Questions/나형/2021 9모 나형 17번.png	992	332
2021 9모	나형	18	7	평가원 수학/2021 9모/2021 9모 나형.pdf	평가원 수학/2021 9모/Questions/나형/2021 9모 나형 18번.png	965	524
2021 9모	나형	19	8	평가원 수학/2021 9모/2021 9모 나형.pdf	평가원 수학/2021 9모/Questions/나형/2021 9모 나형 19번.png	1000	1161
2021 9모	나형	20	8	평가원 수학/2021 9모/2021 9모 나형.pdf	평가원 수학/2021 9모/Questions/나형/2021 9모 나형 20번.png	1016	729
2021 9모	나형	21	9	평가원 수학/2021 9모/2021 9모 나형.pdf	평가원 수학/2021 9모/Questions/나형/2021 9모 나형 21번.png	942	559
2021 9모	나형	22	9	평가원 수학/2021 9모/2021 9모 나형.pdf	평가원 수학/2021 9모/Questions/나형/2021 9모 나형 22번.png	1002	85
2021 9모	나형	23	9	평가원 수학/2021 9모/2021 9모 나형.pdf	평가원 수학/2021 9모/Questions/나형/2021 9모 나형 23번.png	754	279
2021 9모	나형	24	10	평가원 수학/2021 9모/2021 9모 나형.pdf	평가원 수학/2021 9모/Questions/나형/2021 9모 나형 24번.png	713	116
2021 9모	나형	25	10	평가원 수학/2021 9모/2021 9모 나형.pdf	평가원 수학/2021 9모/Questions/나형/2021 9모 나형 25번.png	979	821
2021 9모	나형	26	10	평가원 수학/2021 9모/2021 9모 나형.pdf	평가원 수학/2021 9모/Questions/나형/2021 9모 나형 26번.png	827	148
2021 9모	나형	27	11	평가원 수학/2021 9모/2021 9모 나형.pdf	평가원 수학/2021 9모/Questions/나형/2021 9모 나형 27번.png	1015	624
2021 9모	나형	28	11	평가원 수학/2021 9모/2021 9모 나형.pdf	평가원 수학/2021 9모/Questions/나형/2021 9모 나형 28번.png	991	383
2021 9모	나형	29	12	평가원 수학/2021 9모/2021 9모 나형.pdf	평가원 수학/2021 9모/Questions/나형/2021 9모 나형 29번.png	1012	261
2021 9모	나형	30	12	평가원 수학/2021 9모/2021 9모 나형.pdf	평가원 수학/2021 9모/Questions/나형/2021 9모 나형 30번.png	1017	573
2021 6모	가형	1	1	평가원 수학/2021 6모/2021 6모 가형.pdf	평가원 수학/2021 6모/Questions/가형/2021 6모 가형 01번.png	911	207
2021 6모	가형	2	1	평가원 수학/2021 6모/2021 6모 가형.pdf	평가원 수학/2021 6모/Questions/가형/2021 6모 가형 02번.png	897	215
2021 6모	가형	3	1	평가원 수학/2021 6모/2021 6모 가형.pdf	평가원 수학/2021 6모/Questions/가형/2021 6모 가형 03번.png	939	376
2021 6모	가형	4	1	평가원 수학/2021 6모/2021 6모 가형.pdf	평가원 수학/2021 6모/Questions/가형/2021 6모 가형 04번.png	916	237
2021 6모	가형	5	2	평가원 수학/2021 6모/2021 6모 가형.pdf	평가원 수학/2021 6모/Questions/가형/2021 6모 가형 05번.png	1012	339
2021 6모	가형	6	2	평가원 수학/2021 6모/2021 6모 가형.pdf	평가원 수학/2021 6모/Questions/가형/2021 6모 가형 06번.png	960	341
2021 6모	가형	7	2	평가원 수학/2021 6모/2021 6모 가형.pdf	평가원 수학/2021 6모/Questions/가형/2021 6모 가형 07번.png	995	552
2021 6모	가형	8	3	평가원 수학/2021 6모/2021 6모 가형.pdf	평가원 수학/2021 6모/Questions/가형/2021 6모 가형 08번.png	1017	903
2021 6모	가형	9	3	평가원 수학/2021 6모/2021 6모 가형.pdf	평가원 수학/2021 6모/Questions/가형/2021 6모 가형 09번.png	960	456
2021 6모	가형	10	3	평가원 수학/2021 6모/2021 6모 가형.pdf	평가원 수학/2021 6모/Questions/가형/2021 6모 가형 10번.png	991	511
2021 6모	가형	11	4	평가원 수학/2021 6모/2021 6모 가형.pdf	평가원 수학/2021 6모/Questions/가형/2021 6모 가형 11번.png	932	511
2021 6모	가형	12	4	평가원 수학/2021 6모/2021 6모 가형.pdf	평가원 수학/2021 6모/Questions/가형/2021 6모 가형 12번.png	1012	297
2021 6모	가형	13	5	평가원 수학/2021 6모/2021 6모 가형.pdf	평가원 수학/2021 6모/Questions/가형/2021 6모 가형 13번.png	1013	277
2021 6모	가형	14	5	평가원 수학/2021 6모/2021 6모 가형.pdf	평가원 수학/2021 6모/Questions/가형/2021 6모 가형 14번.png	989	427
2021 6모	가형	15	6	평가원 수학/2021 6모/2021 6모 가형.pdf	평가원 수학/2021 6모/Questions/가형/2021 6모 가형 15번.png	1014	1915
2021 6모	가형	16	6	평가원 수학/2021 6모/2021 6모 가형.pdf	평가원 수학/2021 6모/Questions/가형/2021 6모 가형 16번.png	1013	1404
2021 6모	가형	17	7	평가원 수학/2021 6모/2021 6모 가형.pdf	평가원 수학/2021 6모/Questions/가형/2021 6모 가형 17번.png	1014	964
2021 6모	가형	18	7	평가원 수학/2021 6모/2021 6모 가형.pdf	평가원 수학/2021 6모/Questions/가형/2021 6모 가형 18번.png	1013	758
2021 6모	가형	19	8	평가원 수학/2021 6모/2021 6모 가형.pdf	평가원 수학/2021 6모/Questions/가형/2021 6모 가형 19번.png	1014	505
2021 6모	가형	20	8	평가원 수학/2021 6모/2021 6모 가형.pdf	평가원 수학/2021 6모/Questions/가형/2021 6모 가형 20번.png	1017	2429
2021 6모	가형	21	9	평가원 수학/2021 6모/2021 6모 가형.pdf	평가원 수학/2021 6모/Questions/가형/2021 6모 가형 21번.png	929	531
2021 6모	가형	22	9	평가원 수학/2021 6모/2021 6모 가형.pdf	평가원 수학/2021 6모/Questions/가형/2021 6모 가형 22번.png	1015	84
2021 6모	가형	23	9	평가원 수학/2021 6모/2021 6모 가형.pdf	평가원 수학/2021 6모/Questions/가형/2021 6모 가형 23번.png	949	184
2021 6모	가형	24	10	평가원 수학/2021 6모/2021 6모 가형.pdf	평가원 수학/2021 6모/Questions/가형/2021 6모 가형 24번.png	1006	342
2021 6모	가형	25	10	평가원 수학/2021 6모/2021 6모 가형.pdf	평가원 수학/2021 6모/Questions/가형/2021 6모 가형 25번.png	979	148
2021 6모	가형	26	10	평가원 수학/2021 6모/2021 6모 가형.pdf	평가원 수학/2021 6모/Questions/가형/2021 6모 가형 26번.png	936	213
2021 6모	가형	27	11	평가원 수학/2021 6모/2021 6모 가형.pdf	평가원 수학/2021 6모/Questions/가형/2021 6모 가형 27번.png	1016	885
2021 6모	가형	28	11	평가원 수학/2021 6모/2021 6모 가형.pdf	평가원 수학/2021 6모/Questions/가형/2021 6모 가형 28번.png	989	1127
2021 6모	가형	29	12	평가원 수학/2021 6모/2021 6모 가형.pdf	평가원 수학/2021 6모/Questions/가형/2021 6모 가형 29번.png	1016	319
2021 6모	가형	30	12	평가원 수학/2021 6모/2021 6모 가형.pdf	평가원 수학/2021 6모/Questions/가형/2021 6모 가형 30번.png	1018	1166
2021 6모	나형	1	1	평가원 수학/2021 6모/2021 6모 나형.pdf	평가원 수학/2021 6모/Questions/나형/2021 6모 나형 01번.png	911	207
2021 6모	나형	2	1	평가원 수학/2021 6모/2021 6모 나형.pdf	평가원 수학/2021 6모/Questions/나형/2021 6모 나형 02번.png	907	181
2021 6모	나형	3	1	평가원 수학/2021 6모/2021 6모 나형.pdf	평가원 수학/2021 6모/Questions/나형/2021 6모 나형 03번.png	1016	178
2021 6모	나형	4	1	평가원 수학/2021 6모/2021 6모 나형.pdf	평가원 수학/2021 6모/Questions/나형/2021 6모 나형 04번.png	915	228
2021 6모	나형	5	2	평가원 수학/2021 6모/2021 6모 나형.pdf	평가원 수학/2021 6모/Questions/나형/2021 6모 나형 05번.png	929	280
2021 6모	나형	6	2	평가원 수학/2021 6모/2021 6모 나형.pdf	평가원 수학/2021 6모/Questions/나형/2021 6모 나형 06번.png	957	452
2021 6모	나형	7	2	평가원 수학/2021 6모/2021 6모 나형.pdf	평가원 수학/2021 6모/Questions/나형/2021 6모 나형 07번.png	1017	771
2021 6모	나형	8	3	평가원 수학/2021 6모/2021 6모 나형.pdf	평가원 수학/2021 6모/Questions/나형/2021 6모 나형 08번.png	914	180
2021 6모	나형	9	3	평가원 수학/2021 6모/2021 6모 나형.pdf	평가원 수학/2021 6모/Questions/나형/2021 6모 나형 09번.png	1006	242
2021 6모	나형	10	3	평가원 수학/2021 6모/2021 6모 나형.pdf	평가원 수학/2021 6모/Questions/나형/2021 6모 나형 10번.png	985	274
2021 6모	나형	11	4	평가원 수학/2021 6모/2021 6모 나형.pdf	평가원 수학/2021 6모/Questions/나형/2021 6모 나형 11번.png	1009	237
2021 6모	나형	12	4	평가원 수학/2021 6모/2021 6모 나형.pdf	평가원 수학/2021 6모/Questions/나형/2021 6모 나형 12번.png	1014	927
2021 6모	나형	13	5	평가원 수학/2021 6모/2021 6모 나형.pdf	평가원 수학/2021 6모/Questions/나형/2021 6모 나형 13번.png	1013	221
2021 6모	나형	14	5	평가원 수학/2021 6모/2021 6모 나형.pdf	평가원 수학/2021 6모/Questions/나형/2021 6모 나형 14번.png	911	515
2021 6모	나형	15	6	평가원 수학/2021 6모/2021 6모 나형.pdf	평가원 수학/2021 6모/Questions/나형/2021 6모 나형 15번.png	1005	480
2021 6모	나형	16	6	평가원 수학/2021 6모/2021 6모 나형.pdf	평가원 수학/2021 6모/Questions/나형/2021 6모 나형 16번.png	1012	277
2021 6모	나형	17	7	평가원 수학/2021 6모/2021 6모 나형.pdf	평가원 수학/2021 6모/Questions/나형/2021 6모 나형 17번.png	912	414
2021 6모	나형	18	7	평가원 수학/2021 6모/2021 6모 나형.pdf	평가원 수학/2021 6모/Questions/나형/2021 6모 나형 18번.png	933	307
2021 6모	나형	19	8	평가원 수학/2021 6모/2021 6모 나형.pdf	평가원 수학/2021 6모/Questions/나형/2021 6모 나형 19번.png	935	239
2021 6모	나형	20	8	평가원 수학/2021 6모/2021 6모 나형.pdf	평가원 수학/2021 6모/Questions/나형/2021 6모 나형 20번.png	1017	920
2021 6모	나형	21	9	평가원 수학/2021 6모/2021 6모 나형.pdf	평가원 수학/2021 6모/Questions/나형/2021 6모 나형 21번.png	1016	757
2021 6모	나형	22	9	평가원 수학/2021 6모/2021 6모 나형.pdf	평가원 수학/2021 6모/Questions/나형/2021 6모 나형 22번.png	881	83
2021 6모	나형	23	9	평가원 수학/2021 6모/2021 6모 나형.pdf	평가원 수학/2021 6모/Questions/나형/2021 6모 나형 23번.png	755	279
2021 6모	나형	24	10	평가원 수학/2021 6모/2021 6모 나형.pdf	평가원 수학/2021 6모/Questions/나형/2021 6모 나형 24번.png	873	148
2021 6모	나형	25	10	평가원 수학/2021 6모/2021 6모 나형.pdf	평가원 수학/2021 6모/Questions/나형/2021 6모 나형 25번.png	1015	334
2021 6모	나형	26	10	평가원 수학/2021 6모/2021 6모 나형.pdf	평가원 수학/2021 6모/Questions/나형/2021 6모 나형 26번.png	924	205
2021 6모	나형	27	11	평가원 수학/2021 6모/2021 6모 나형.pdf	평가원 수학/2021 6모/Questions/나형/2021 6모 나형 27번.png	1016	353
2021 6모	나형	28	11	평가원 수학/2021 6모/2021 6모 나형.pdf	평가원 수학/2021 6모/Questions/나형/2021 6모 나형 28번.png	1015	432
2021 6모	나형	29	12	평가원 수학/2021 6모/2021 6모 나형.pdf	평가원 수학/2021 6모/Questions/나형/2021 6모 나형 29번.png	1016	411
2021 6모	나형	30	12	평가원 수학/2021 6모/2021 6모 나형.pdf	평가원 수학/2021 6모/Questions/나형/2021 6모 나형 30번.png	1018	736
2020 수능	가형	1	1	평가원 수학/2020 수능/2020 수능 가형.pdf	평가원 수학/2020 수능/Questions/가형/2020 수능 가형 01번.png	1000	275
2020 수능	가형	2	1	평가원 수학/2020 수능/2020 수능 가형.pdf	평가원 수학/2020 수능/Questions/가형/2020 수능 가형 02번.png	897	222
2020 수능	가형	3	1	평가원 수학/2020 수능/2020 수능 가형.pdf	평가원 수학/2020 수능/Questions/가형/2020 수능 가형 03번.png	979	237
2020 수능	가형	4	1	평가원 수학/2020 수능/2020 수능 가형.pdf	평가원 수학/2020 수능/Questions/가형/2020 수능 가형 04번.png	914	230
2020 수능	가형	5	2	평가원 수학/2020 수능/2020 수능 가형.pdf	평가원 수학/2020 수능/Questions/가형/2020 수능 가형 05번.png	928	279
2020 수능	가형	6	2	평가원 수학/2020 수능/2020 수능 가형.pdf	평가원 수학/2020 수능/Questions/가형/2020 수능 가형 06번.png	928	334
2020 수능	가형	7	2	평가원 수학/2020 수능/2020 수능 가형.pdf	평가원 수학/2020 수능/Questions/가형/2020 수능 가형 07번.png	958	337
2020 수능	가형	8	3	평가원 수학/2020 수능/2020 수능 가형.pdf	평가원 수학/2020 수능/Questions/가형/2020 수능 가형 08번.png	962	277
2020 수능	가형	9	3	평가원 수학/2020 수능/2020 수능 가형.pdf	평가원 수학/2020 수능/Questions/가형/2020 수능 가형 09번.png	980	515
2020 수능	가형	10	3	평가원 수학/2020 수능/2020 수능 가형.pdf	평가원 수학/2020 수능/Questions/가형/2020 수능 가형 10번.png	999	324
2020 수능	가형	11	4	평가원 수학/2020 수능/2020 수능 가형.pdf	평가원 수학/2020 수능/Questions/가형/2020 수능 가형 11번.png	977	239
2020 수능	가형	12	4	평가원 수학/2020 수능/2020 수능 가형.pdf	평가원 수학/2020 수능/Questions/가형/2020 수능 가형 12번.png	980	864
2020 수능	가형	13	5	평가원 수학/2020 수능/2020 수능 가형.pdf	평가원 수학/2020 수능/Questions/가형/2020 수능 가형 13번.png	979	1287
2020 수능	가형	14	5	평가원 수학/2020 수능/2020 수능 가형.pdf	평가원 수학/2020 수능/Questions/가형/2020 수능 가형 14번.png	1013	2064
2020 수능	가형	15	6	평가원 수학/2020 수능/2020 수능 가형.pdf	평가원 수학/2020 수능/Questions/가형/2020 수능 가형 15번.png	965	391
2020 수능	가형	16	6	평가원 수학/2020 수능/2020 수능 가형.pdf	평가원 수학/2020 수능/Questions/가형/2020 수능 가형 16번.png	1013	448
2020 수능	가형	17	7	평가원 수학/2020 수능/2020 수능 가형.pdf	평가원 수학/2020 수능/Questions/가형/2020 수능 가형 17번.png	910	368
2020 수능	가형	18	7	평가원 수학/2020 수능/2020 수능 가형.pdf	평가원 수학/2020 수능/Questions/가형/2020 수능 가형 18번.png	1015	661
2020 수능	가형	19	8	평가원 수학/2020 수능/2020 수능 가형.pdf	평가원 수학/2020 수능/Questions/가형/2020 수능 가형 19번.png	1014	1006
2020 수능	가형	20	8	평가원 수학/2020 수능/2020 수능 가형.pdf	평가원 수학/2020 수능/Questions/가형/2020 수능 가형 20번.png	1016	488
2020 수능	가형	21	9	평가원 수학/2020 수능/2020 수능 가형.pdf	평가원 수학/2020 수능/Questions/가형/2020 수능 가형 21번.png	1016	976
2020 수능	가형	22	9	평가원 수학/2020 수능/2020 수능 가형.pdf	평가원 수학/2020 수능/Questions/가형/2020 수능 가형 22번.png	1010	127
2020 수능	가형	23	9	평가원 수학/2020 수능/2020 수능 가형.pdf	평가원 수학/2020 수능/Questions/가형/2020 수능 가형 23번.png	1010	145
2020 수능	가형	24	10	평가원 수학/2020 수능/2020 수능 가형.pdf	평가원 수학/2020 수능/Questions/가형/2020 수능 가형 24번.png	1014	864
2020 수능	가형	25	10	평가원 수학/2020 수능/2020 수능 가형.pdf	평가원 수학/2020 수능/Questions/가형/2020 수능 가형 25번.png	1008	306
2020 수능	가형	26	10	평가원 수학/2020 수능/2020 수능 가형.pdf	평가원 수학/2020 수능/Questions/가형/2020 수능 가형 26번.png	1014	321
2020 수능	가형	27	11	평가원 수학/2020 수능/2020 수능 가형.pdf	평가원 수학/2020 수능/Questions/가형/2020 수능 가형 27번.png	1012	1315
2020 수능	가형	28	11	평가원 수학/2020 수능/2020 수능 가형.pdf	평가원 수학/2020 수능/Questions/가형/2020 수능 가형 28번.png	1016	411
2020 수능	가형	29	12	평가원 수학/2020 수능/2020 수능 가형.pdf	평가원 수학/2020 수능/Questions/가형/2020 수능 가형 29번.png	1015	431
2020 수능	가형	30	12	평가원 수학/2020 수능/2020 수능 가형.pdf	평가원 수학/2020 수능/Questions/가형/2020 수능 가형 30번.png	956	260
2020 수능	나형	1	1	평가원 수학/2020 수능/2020 수능 나형.pdf	평가원 수학/2020 수능/Questions/나형/2020 수능 나형 01번.png	911	181
2020 수능	나형	2	1	평가원 수학/2020 수능/2020 수능 나형.pdf	평가원 수학/2020 수능/Questions/나형/2020 수능 나형 02번.png	923	237
2020 수능	나형	3	1	평가원 수학/2020 수능/2020 수능 나형.pdf	평가원 수학/2020 수능/Questions/나형/2020 수능 나형 03번.png	897	274
2020 수능	나형	4	1	평가원 수학/2020 수능/2020 수능 나형.pdf	평가원 수학/2020 수능/Questions/나형/2020 수능 나형 04번.png	958	697
2020 수능	나형	5	2	평가원 수학/2020 수능/2020 수능 나형.pdf	평가원 수학/2020 수능/Questions/나형/2020 수능 나형 05번.png	1000	453
2020 수능	나형	6	2	평가원 수학/2020 수능/2020 수능 나형.pdf	평가원 수학/2020 수능/Questions/나형/2020 수능 나형 06번.png	1003	520
2020 수능	나형	7	2	평가원 수학/2020 수능/2020 수능 나형.pdf	평가원 수학/2020 수능/Questions/나형/2020 수능 나형 07번.png	988	275
2020 수능	나형	8	3	평가원 수학/2020 수능/2020 수능 나형.pdf	평가원 수학/2020 수능/Questions/나형/2020 수능 나형 08번.png	898	778
2020 수능	나형	9	3	평가원 수학/2020 수능/2020 수능 나형.pdf	평가원 수학/2020 수능/Questions/나형/2020 수능 나형 09번.png	1016	889
2020 수능	나형	10	3	평가원 수학/2020 수능/2020 수능 나형.pdf	평가원 수학/2020 수능/Questions/나형/2020 수능 나형 10번.png	914	298
2020 수능	나형	11	4	평가원 수학/2020 수능/2020 수능 나형.pdf	평가원 수학/2020 수능/Questions/나형/2020 수능 나형 11번.png	1013	287
2020 수능	나형	12	4	평가원 수학/2020 수능/2020 수능 나형.pdf	평가원 수학/2020 수능/Questions/나형/2020 수능 나형 12번.png	1012	296
2020 수능	나형	13	5	평가원 수학/2020 수능/2020 수능 나형.pdf	평가원 수학/2020 수능/Questions/나형/2020 수능 나형 13번.png	1009	584
2020 수능	나형	14	5	평가원 수학/2020 수능/2020 수능 나형.pdf	평가원 수학/2020 수능/Questions/나형/2020 수능 나형 14번.png	1013	547
2020 수능	나형	15	6	평가원 수학/2020 수능/2020 수능 나형.pdf	평가원 수학/2020 수능/Questions/나형/2020 수능 나형 15번.png	938	350
2020 수능	나형	16	6	평가원 수학/2020 수능/2020 수능 나형.pdf	평가원 수학/2020 수능/Questions/나형/2020 수능 나형 16번.png	1013	2064
2020 수능	나형	17	7	평가원 수학/2020 수능/2020 수능 나형.pdf	평가원 수학/2020 수능/Questions/나형/2020 수능 나형 17번.png	1009	473
2020 수능	나형	18	7	평가원 수학/2020 수능/2020 수능 나형.pdf	평가원 수학/2020 수능/Questions/나형/2020 수능 나형 18번.png	1007	2316
2020 수능	나형	19	8	평가원 수학/2020 수능/2020 수능 나형.pdf	평가원 수학/2020 수능/Questions/나형/2020 수능 나형 19번.png	1014	506
2020 수능	나형	20	8	평가원 수학/2020 수능/2020 수능 나형.pdf	평가원 수학/2020 수능/Questions/나형/2020 수능 나형 20번.png	1016	1086
2020 수능	나형	21	9	평가원 수학/2020 수능/2020 수능 나형.pdf	평가원 수학/2020 수능/Questions/나형/2020 수능 나형 21번.png	1016	608
2020 수능	나형	22	9	평가원 수학/2020 수능/2020 수능 나형.pdf	평가원 수학/2020 수능/Questions/나형/2020 수능 나형 22번.png	624	87
2020 수능	나형	23	9	평가원 수학/2020 수능/2020 수능 나형.pdf	평가원 수학/2020 수능/Questions/나형/2020 수능 나형 23번.png	758	385
2020 수능	나형	24	10	평가원 수학/2020 수능/2020 수능 나형.pdf	평가원 수학/2020 수능/Questions/나형/2020 수능 나형 24번.png	1009	145
2020 수능	나형	25	10	평가원 수학/2020 수능/2020 수능 나형.pdf	평가원 수학/2020 수능/Questions/나형/2020 수능 나형 25번.png	939	260
2020 수능	나형	26	10	평가원 수학/2020 수능/2020 수능 나형.pdf	평가원 수학/2020 수능/Questions/나형/2020 수능 나형 26번.png	991	374
2020 수능	나형	27	11	평가원 수학/2020 수능/2020 수능 나형.pdf	평가원 수학/2020 수능/Questions/나형/2020 수능 나형 27번.png	1008	400
2020 수능	나형	28	11	평가원 수학/2020 수능/2020 수능 나형.pdf	평가원 수학/2020 수능/Questions/나형/2020 수능 나형 28번.png	1016	551
2020 수능	나형	29	12	평가원 수학/2020 수능/2020 수능 나형.pdf	평가원 수학/2020 수능/Questions/나형/2020 수능 나형 29번.png	1016	527
2020 수능	나형	30	12	평가원 수학/2020 수능/2020 수능 나형.pdf	평가원 수학/2020 수능/Questions/나형/2020 수능 나형 30번.png	1017	450
2020 9모	가형	1	1	평가원 수학/2020 9모/2020 9모 가형.pdf	평가원 수학/2020 9모/Questions/가형/2020 9모 가형 01번.png	975	247
2020 9모	가형	2	1	평가원 수학/2020 9모/2020 9모 가형.pdf	평가원 수학/2020 9모/Questions/가형/2020 9모 가형 02번.png	897	228
2020 9모	가형	3	1	평가원 수학/2020 9모/2020 9모 가형.pdf	평가원 수학/2020 9모/Questions/가형/2020 9모 가형 03번.png	1016	294
2020 9모	가형	4	1	평가원 수학/2020 9모/2020 9모 가형.pdf	평가원 수학/2020 9모/Questions/가형/2020 9모 가형 04번.png	1017	390
2020 9모	가형	5	2	평가원 수학/2020 9모/2020 9모 가형.pdf	평가원 수학/2020 9모/Questions/가형/2020 9모 가형 05번.png	1016	453
2020 9모	가형	6	2	평가원 수학/2020 9모/2020 9모 가형.pdf	평가원 수학/2020 9모/Questions/가형/2020 9모 가형 06번.png	914	422
2020 9모	가형	7	2	평가원 수학/2020 9모/2020 9모 가형.pdf	평가원 수학/2020 9모/Questions/가형/2020 9모 가형 07번.png	955	181
2020 9모	가형	8	3	평가원 수학/2020 9모/2020 9모 가형.pdf	평가원 수학/2020 9모/Questions/가형/2020 9모 가형 08번.png	1016	316
2020 9모	가형	9	3	평가원 수학/2020 9모/2020 9모 가형.pdf	평가원 수학/2020 9모/Questions/가형/2020 9모 가형 09번.png	943	315
2020 9모	가형	10	3	평가원 수학/2020 9모/2020 9모 가형.pdf	평가원 수학/2020 9모/Questions/가형/2020 9모 가형 10번.png	1014	335
2020 9모	가형	11	4	평가원 수학/2020 9모/2020 9모 가형.pdf	평가원 수학/2020 9모/Questions/가형/2020 9모 가형 11번.png	993	283
2020 9모	가형	12	4	평가원 수학/2020 9모/2020 9모 가형.pdf	평가원 수학/2020 9모/Questions/가형/2020 9모 가형 12번.png	1015	535
2020 9모	가형	13	5	평가원 수학/2020 9모/2020 9모 가형.pdf	평가원 수학/2020 9모/Questions/가형/2020 9모 가형 13번.png	1011	342
2020 9모	가형	14	5	평가원 수학/2020 9모/2020 9모 가형.pdf	평가원 수학/2020 9모/Questions/가형/2020 9모 가형 14번.png	965	1027
2020 9모	가형	15	6	평가원 수학/2020 9모/2020 9모 가형.pdf	평가원 수학/2020 9모/Questions/가형/2020 9모 가형 15번.png	1014	593
2020 9모	가형	16	6	평가원 수학/2020 9모/2020 9모 가형.pdf	평가원 수학/2020 9모/Questions/가형/2020 9모 가형 16번.png	1013	384
2020 9모	가형	17	7	평가원 수학/2020 9모/2020 9모 가형.pdf	평가원 수학/2020 9모/Questions/가형/2020 9모 가형 17번.png	1014	646
2020 9모	가형	18	7	평가원 수학/2020 9모/2020 9모 가형.pdf	평가원 수학/2020 9모/Questions/가형/2020 9모 가형 18번.png	1013	2321
2020 9모	가형	19	8	평가원 수학/2020 9모/2020 9모 가형.pdf	평가원 수학/2020 9모/Questions/가형/2020 9모 가형 19번.png	1014	1288
2020 9모	가형	20	8	평가원 수학/2020 9모/2020 9모 가형.pdf	평가원 수학/2020 9모/Questions/가형/2020 9모 가형 20번.png	1014	1106
2020 9모	가형	21	9	평가원 수학/2020 9모/2020 9모 가형.pdf	평가원 수학/2020 9모/Questions/가형/2020 9모 가형 21번.png	1016	596
2020 9모	가형	22	9	평가원 수학/2020 9모/2020 9모 가형.pdf	평가원 수학/2020 9모/Questions/가형/2020 9모 가형 22번.png	1016	189
2020 9모	가형	23	9	평가원 수학/2020 9모/2020 9모 가형.pdf	평가원 수학/2020 9모/Questions/가형/2020 9모 가형 23번.png	954	439
2020 9모	가형	24	10	평가원 수학/2020 9모/2020 9모 가형.pdf	평가원 수학/2020 9모/Questions/가형/2020 9모 가형 24번.png	963	191
2020 9모	가형	25	10	평가원 수학/2020 9모/2020 9모 가형.pdf	평가원 수학/2020 9모/Questions/가형/2020 9모 가형 25번.png	1012	494
2020 9모	가형	26	10	평가원 수학/2020 9모/2020 9모 가형.pdf	평가원 수학/2020 9모/Questions/가형/2020 9모 가형 26번.png	1013	147
2020 9모	가형	27	11	평가원 수학/2020 9모/2020 9모 가형.pdf	평가원 수학/2020 9모/Questions/가형/2020 9모 가형 27번.png	1013	762
2020 9모	가형	28	11	평가원 수학/2020 9모/2020 9모 가형.pdf	평가원 수학/2020 9모/Questions/가형/2020 9모 가형 28번.png	1016	701
2020 9모	가형	29	12	평가원 수학/2020 9모/2020 9모 가형.pdf	평가원 수학/2020 9모/Questions/가형/2020 9모 가형 29번.png	1016	529
2020 9모	가형	30	12	평가원 수학/2020 9모/2020 9모 가형.pdf	평가원 수학/2020 9모/Questions/가형/2020 9모 가형 30번.png	987	337
2020 9모	나형	1	1	평가원 수학/2020 9모/2020 9모 나형.pdf	평가원 수학/2020 9모/Questions/나형/2020 9모 나형 01번.png	895	207
2020 9모	나형	2	1	평가원 수학/2020 9모/2020 9모 나형.pdf	평가원 수학/2020 9모/Questions/나형/2020 9모 나형 02번.png	1015	422
2020 9모	나형	3	1	평가원 수학/2020 9모/2020 9모 나형.pdf	평가원 수학/2020 9모/Questions/나형/2020 9모 나형 03번.png	975	673
2020 9모	나형	4	1	평가원 수학/2020 9모/2020 9모 나형.pdf	평가원 수학/2020 9모/Questions/나형/2020 9모 나형 04번.png	1016	514
2020 9모	나형	5	2	평가원 수학/2020 9모/2020 9모 나형.pdf	평가원 수학/2020 9모/Questions/나형/2020 9모 나형 05번.png	1017	390
2020 9모	나형	6	2	평가원 수학/2020 9모/2020 9모 나형.pdf	평가원 수학/2020 9모/Questions/나형/2020 9모 나형 06번.png	914	225
2020 9모	나형	7	2	평가원 수학/2020 9모/2020 9모 나형.pdf	평가원 수학/2020 9모/Questions/나형/2020 9모 나형 07번.png	919	376
2020 9모	나형	8	3	평가원 수학/2020 9모/2020 9모 나형.pdf	평가원 수학/2020 9모/Questions/나형/2020 9모 나형 08번.png	1016	453
2020 9모	나형	9	3	평가원 수학/2020 9모/2020 9모 나형.pdf	평가원 수학/2020 9모/Questions/나형/2020 9모 나형 09번.png	924	298
2020 9모	나형	10	3	평가원 수학/2020 9모/2020 9모 나형.pdf	평가원 수학/2020 9모/Questions/나형/2020 9모 나형 10번.png	955	493
2020 9모	나형	11	4	평가원 수학/2020 9모/2020 9모 나형.pdf	평가원 수학/2020 9모/Questions/나형/2020 9모 나형 11번.png	1014	334
2020 9모	나형	12	4	평가원 수학/2020 9모/2020 9모 나형.pdf	평가원 수학/2020 9모/Questions/나형/2020 9모 나형 12번.png	911	230
2020 9모	나형	13	5	평가원 수학/2020 9모/2020 9모 나형.pdf	평가원 수학/2020 9모/Questions/나형/2020 9모 나형 13번.png	1016	535
2020 9모	나형	14	5	평가원 수학/2020 9모/2020 9모 나형.pdf	평가원 수학/2020 9모/Questions/나형/2020 9모 나형 14번.png	1013	1053
2020 9모	나형	15	6	평가원 수학/2020 9모/2020 9모 나형.pdf	평가원 수학/2020 9모/Questions/나형/2020 9모 나형 15번.png	909	279
2020 9모	나형	16	6	평가원 수학/2020 9모/2020 9모 나형.pdf	평가원 수학/2020 9모/Questions/나형/2020 9모 나형 16번.png	911	413
2020 9모	나형	17	7	평가원 수학/2020 9모/2020 9모 나형.pdf	평가원 수학/2020 9모/Questions/나형/2020 9모 나형 17번.png	957	239
2020 9모	나형	18	7	평가원 수학/2020 9모/2020 9모 나형.pdf	평가원 수학/2020 9모/Questions/나형/2020 9모 나형 18번.png	1009	2375
2020 9모	나형	19	8	평가원 수학/2020 9모/2020 9모 나형.pdf	평가원 수학/2020 9모/Questions/나형/2020 9모 나형 19번.png	926	287
2020 9모	나형	20	8	평가원 수학/2020 9모/2020 9모 나형.pdf	평가원 수학/2020 9모/Questions/나형/2020 9모 나형 20번.png	1016	2321
2020 9모	나형	21	9	평가원 수학/2020 9모/2020 9모 나형.pdf	평가원 수학/2020 9모/Questions/나형/2020 9모 나형 21번.png	1016	943
2020 9모	나형	22	9	평가원 수학/2020 9모/2020 9모 나형.pdf	평가원 수학/2020 9모/Questions/나형/2020 9모 나형 22번.png	531	86
2020 9모	나형	23	9	평가원 수학/2020 9모/2020 9모 나형.pdf	평가원 수학/2020 9모/Questions/나형/2020 9모 나형 23번.png	738	362
2020 9모	나형	24	10	평가원 수학/2020 9모/2020 9모 나형.pdf	평가원 수학/2020 9모/Questions/나형/2020 9모 나형 24번.png	960	283
2020 9모	나형	25	10	평가원 수학/2020 9모/2020 9모 나형.pdf	평가원 수학/2020 9모/Questions/나형/2020 9모 나형 25번.png	1017	436
2020 9모	나형	26	10	평가원 수학/2020 9모/2020 9모 나형.pdf	평가원 수학/2020 9모/Questions/나형/2020 9모 나형 26번.png	910	397
2020 9모	나형	27	11	평가원 수학/2020 9모/2020 9모 나형.pdf	평가원 수학/2020 9모/Questions/나형/2020 9모 나형 27번.png	974	205
2020 9모	나형	28	11	평가원 수학/2020 9모/2020 9모 나형.pdf	평가원 수학/2020 9모/Questions/나형/2020 9모 나형 28번.png	1016	360
2020 9모	나형	29	12	평가원 수학/2020 9모/2020 9모 나형.pdf	평가원 수학/2020 9모/Questions/나형/2020 9모 나형 29번.png	1016	701
2020 9모	나형	30	12	평가원 수학/2020 9모/2020 9모 나형.pdf	평가원 수학/2020 9모/Questions/나형/2020 9모 나형 30번.png	1016	377
2020 6모	가형	1	1	평가원 수학/2020 6모/2020 6모 가형.pdf	평가원 수학/2020 6모/Questions/가형/2020 6모 가형 01번.png	911	178
2020 6모	가형	2	1	평가원 수학/2020 6모/2020 6모 가형.pdf	평가원 수학/2020 6모/Questions/가형/2020 6모 가형 02번.png	896	179
2020 6모	가형	3	1	평가원 수학/2020 6모/2020 6모 가형.pdf	평가원 수학/2020 6모/Questions/가형/2020 6모 가형 03번.png	912	268
2020 6모	가형	4	1	평가원 수학/2020 6모/2020 6모 가형.pdf	평가원 수학/2020 6모/Questions/가형/2020 6모 가형 04번.png	937	453
2020 6모	가형	5	2	평가원 수학/2020 6모/2020 6모 가형.pdf	평가원 수학/2020 6모/Questions/가형/2020 6모 가형 05번.png	942	271
2020 6모	가형	6	2	평가원 수학/2020 6모/2020 6모 가형.pdf	평가원 수학/2020 6모/Questions/가형/2020 6모 가형 06번.png	1016	239
2020 6모	가형	7	2	평가원 수학/2020 6모/2020 6모 가형.pdf	평가원 수학/2020 6모/Questions/가형/2020 6모 가형 07번.png	994	352
2020 6모	가형	8	3	평가원 수학/2020 6모/2020 6모 가형.pdf	평가원 수학/2020 6모/Questions/가형/2020 6모 가형 08번.png	941	239
2020 6모	가형	9	3	평가원 수학/2020 6모/2020 6모 가형.pdf	평가원 수학/2020 6모/Questions/가형/2020 6모 가형 09번.png	1008	549
2020 6모	가형	10	3	평가원 수학/2020 6모/2020 6모 가형.pdf	평가원 수학/2020 6모/Questions/가형/2020 6모 가형 10번.png	863	375
2020 6모	가형	11	4	평가원 수학/2020 6모/2020 6모 가형.pdf	평가원 수학/2020 6모/Questions/가형/2020 6모 가형 11번.png	1014	282
2020 6모	가형	12	4	평가원 수학/2020 6모/2020 6모 가형.pdf	평가원 수학/2020 6모/Questions/가형/2020 6모 가형 12번.png	945	320
2020 6모	가형	13	5	평가원 수학/2020 6모/2020 6모 가형.pdf	평가원 수학/2020 6모/Questions/가형/2020 6모 가형 13번.png	1013	1348
2020 6모	가형	14	5	평가원 수학/2020 6모/2020 6모 가형.pdf	평가원 수학/2020 6모/Questions/가형/2020 6모 가형 14번.png	978	277
2020 6모	가형	15	6	평가원 수학/2020 6모/2020 6모 가형.pdf	평가원 수학/2020 6모/Questions/가형/2020 6모 가형 15번.png	947	471
2020 6모	가형	16	6	평가원 수학/2020 6모/2020 6모 가형.pdf	평가원 수학/2020 6모/Questions/가형/2020 6모 가형 16번.png	1012	641
2020 6모	가형	17	7	평가원 수학/2020 6모/2020 6모 가형.pdf	평가원 수학/2020 6모/Questions/가형/2020 6모 가형 17번.png	1015	2377
2020 6모	가형	18	7	평가원 수학/2020 6모/2020 6모 가형.pdf	평가원 수학/2020 6모/Questions/가형/2020 6모 가형 18번.png	1005	1097
2020 6모	가형	19	8	평가원 수학/2020 6모/2020 6모 가형.pdf	평가원 수학/2020 6모/Questions/가형/2020 6모 가형 19번.png	1005	475
2020 6모	가형	20	8	평가원 수학/2020 6모/2020 6모 가형.pdf	평가원 수학/2020 6모/Questions/가형/2020 6모 가형 20번.png	1016	1078
2020 6모	가형	21	9	평가원 수학/2020 6모/2020 6모 가형.pdf	평가원 수학/2020 6모/Questions/가형/2020 6모 가형 21번.png	1013	525
2020 6모	가형	22	9	평가원 수학/2020 6모/2020 6모 가형.pdf	평가원 수학/2020 6모/Questions/가형/2020 6모 가형 22번.png	977	156
2020 6모	가형	23	9	평가원 수학/2020 6모/2020 6모 가형.pdf	평가원 수학/2020 6모/Questions/가형/2020 6모 가형 23번.png	900	117
2020 6모	가형	24	10	평가원 수학/2020 6모/2020 6모 가형.pdf	평가원 수학/2020 6모/Questions/가형/2020 6모 가형 24번.png	947	1055
2020 6모	가형	25	10	평가원 수학/2020 6모/2020 6모 가형.pdf	평가원 수학/2020 6모/Questions/가형/2020 6모 가형 25번.png	1007	362
2020 6모	가형	26	10	평가원 수학/2020 6모/2020 6모 가형.pdf	평가원 수학/2020 6모/Questions/가형/2020 6모 가형 26번.png	985	430
2020 6모	가형	27	11	평가원 수학/2020 6모/2020 6모 가형.pdf	평가원 수학/2020 6모/Questions/가형/2020 6모 가형 27번.png	1017	1206
2020 6모	가형	28	11	평가원 수학/2020 6모/2020 6모 가형.pdf	평가원 수학/2020 6모/Questions/가형/2020 6모 가형 28번.png	1015	1329
2020 6모	가형	29	12	평가원 수학/2020 6모/2020 6모 가형.pdf	평가원 수학/2020 6모/Questions/가형/2020 6모 가형 29번.png	1016	801
2020 6모	가형	30	12	평가원 수학/2020 6모/2020 6모 가형.pdf	평가원 수학/2020 6모/Questions/가형/2020 6모 가형 30번.png	995	1607
2020 6모	나형	1	1	평가원 수학/2020 6모/2020 6모 나형.pdf	평가원 수학/2020 6모/Questions/나형/2020 6모 나형 01번.png	894	207
2020 6모	나형	2	1	평가원 수학/2020 6모/2020 6모 나형.pdf	평가원 수학/2020 6모/Questions/나형/2020 6모 나형 02번.png	911	273
2020 6모	나형	3	1	평가원 수학/2020 6모/2020 6모 나형.pdf	평가원 수학/2020 6모/Questions/나형/2020 6모 나형 03번.png	1016	363
2020 6모	나형	4	1	평가원 수학/2020 6모/2020 6모 나형.pdf	평가원 수학/2020 6모/Questions/나형/2020 6모 나형 04번.png	899	761
2020 6모	나형	5	2	평가원 수학/2020 6모/2020 6모 나형.pdf	평가원 수학/2020 6모/Questions/나형/2020 6모 나형 05번.png	1016	514
2020 6모	나형	6	2	평가원 수학/2020 6모/2020 6모 나형.pdf	평가원 수학/2020 6모/Questions/나형/2020 6모 나형 06번.png	936	452
2020 6모	나형	7	2	평가원 수학/2020 6모/2020 6모 나형.pdf	평가원 수학/2020 6모/Questions/나형/2020 6모 나형 07번.png	953	983
2020 6모	나형	8	3	평가원 수학/2020 6모/2020 6모 나형.pdf	평가원 수학/2020 6모/Questions/나형/2020 6모 나형 08번.png	1016	378
2020 6모	나형	9	3	평가원 수학/2020 6모/2020 6모 나형.pdf	평가원 수학/2020 6모/Questions/나형/2020 6모 나형 09번.png	898	382
2020 6모	나형	10	3	평가원 수학/2020 6모/2020 6모 나형.pdf	평가원 수학/2020 6모/Questions/나형/2020 6모 나형 10번.png	1012	335
2020 6모	나형	11	4	평가원 수학/2020 6모/2020 6모 나형.pdf	평가원 수학/2020 6모/Questions/나형/2020 6모 나형 11번.png	925	379
2020 6모	나형	12	4	평가원 수학/2020 6모/2020 6모 나형.pdf	평가원 수학/2020 6모/Questions/나형/2020 6모 나형 12번.png	991	274
2020 6모	나형	13	5	평가원 수학/2020 6모/2020 6모 나형.pdf	평가원 수학/2020 6모/Questions/나형/2020 6모 나형 13번.png	969	427
2020 6모	나형	14	5	평가원 수학/2020 6모/2020 6모 나형.pdf	평가원 수학/2020 6모/Questions/나형/2020 6모 나형 14번.png	932	288
2020 6모	나형	15	6	평가원 수학/2020 6모/2020 6모 나형.pdf	평가원 수학/2020 6모/Questions/나형/2020 6모 나형 15번.png	1015	626
2020 6모	나형	16	6	평가원 수학/2020 6모/2020 6모 나형.pdf	평가원 수학/2020 6모/Questions/나형/2020 6모 나형 16번.png	994	335
2020 6모	나형	17	7	평가원 수학/2020 6모/2020 6모 나형.pdf	평가원 수학/2020 6모/Questions/나형/2020 6모 나형 17번.png	1015	2115
2020 6모	나형	18	7	평가원 수학/2020 6모/2020 6모 나형.pdf	평가원 수학/2020 6모/Questions/나형/2020 6모 나형 18번.png	1014	1110
2020 6모	나형	19	8	평가원 수학/2020 6모/2020 6모 나형.pdf	평가원 수학/2020 6모/Questions/나형/2020 6모 나형 19번.png	1015	2377
2020 6모	나형	20	8	평가원 수학/2020 6모/2020 6모 나형.pdf	평가원 수학/2020 6모/Questions/나형/2020 6모 나형 20번.png	1011	503
2020 6모	나형	21	9	평가원 수학/2020 6모/2020 6모 나형.pdf	평가원 수학/2020 6모/Questions/나형/2020 6모 나형 21번.png	1012	1454
2020 6모	나형	22	9	평가원 수학/2020 6모/2020 6모 나형.pdf	평가원 수학/2020 6모/Questions/나형/2020 6모 나형 22번.png	535	86
2020 6모	나형	23	9	평가원 수학/2020 6모/2020 6모 나형.pdf	평가원 수학/2020 6모/Questions/나형/2020 6모 나형 23번.png	1014	183
2020 6모	나형	24	10	평가원 수학/2020 6모/2020 6모 나형.pdf	평가원 수학/2020 6모/Questions/나형/2020 6모 나형 24번.png	706	383
2020 6모	나형	25	10	평가원 수학/2020 6모/2020 6모 나형.pdf	평가원 수학/2020 6모/Questions/나형/2020 6모 나형 25번.png	1016	277
2020 6모	나형	26	10	평가원 수학/2020 6모/2020 6모 나형.pdf	평가원 수학/2020 6모/Questions/나형/2020 6모 나형 26번.png	1015	521
2020 6모	나형	27	11	평가원 수학/2020 6모/2020 6모 나형.pdf	평가원 수학/2020 6모/Questions/나형/2020 6모 나형 27번.png	955	521
2020 6모	나형	28	11	평가원 수학/2020 6모/2020 6모 나형.pdf	평가원 수학/2020 6모/Questions/나형/2020 6모 나형 28번.png	1012	430
2020 6모	나형	29	12	평가원 수학/2020 6모/2020 6모 나형.pdf	평가원 수학/2020 6모/Questions/나형/2020 6모 나형 29번.png	1007	381
2020 6모	나형	30	12	평가원 수학/2020 6모/2020 6모 나형.pdf	평가원 수학/2020 6모/Questions/나형/2020 6모 나형 30번.png	1012	801
2019 수능	가형	1	2	평가원 수학/2019 수능/2019 수능 가형.pdf	평가원 수학/2019 수능/Questions/가형/2019 수능 가형 01번.png	894	248
2019 수능	가형	2	2	평가원 수학/2019 수능/2019 수능 가형.pdf	평가원 수학/2019 수능/Questions/가형/2019 수능 가형 02번.png	895	268
2019 수능	가형	3	2	평가원 수학/2019 수능/2019 수능 가형.pdf	평가원 수학/2019 수능/Questions/가형/2019 수능 가형 03번.png	920	288
2019 수능	가형	4	2	평가원 수학/2019 수능/2019 수능 가형.pdf	평가원 수학/2019 수능/Questions/가형/2019 수능 가형 04번.png	947	452
2019 수능	가형	5	3	평가원 수학/2019 수능/2019 수능 가형.pdf	평가원 수학/2019 수능/Questions/가형/2019 수능 가형 05번.png	957	349
2019 수능	가형	6	3	평가원 수학/2019 수능/2019 수능 가형.pdf	평가원 수학/2019 수능/Questions/가형/2019 수능 가형 06번.png	897	279
2019 수능	가형	7	3	평가원 수학/2019 수능/2019 수능 가형.pdf	평가원 수학/2019 수능/Questions/가형/2019 수능 가형 07번.png	1015	231
2019 수능	가형	8	4	평가원 수학/2019 수능/2019 수능 가형.pdf	평가원 수학/2019 수능/Questions/가형/2019 수능 가형 08번.png	914	278
2019 수능	가형	9	4	평가원 수학/2019 수능/2019 수능 가형.pdf	평가원 수학/2019 수능/Questions/가형/2019 수능 가형 09번.png	874	429
2019 수능	가형	10	4	평가원 수학/2019 수능/2019 수능 가형.pdf	평가원 수학/2019 수능/Questions/가형/2019 수능 가형 10번.png	973	384
2019 수능	가형	11	5	평가원 수학/2019 수능/2019 수능 가형.pdf	평가원 수학/2019 수능/Questions/가형/2019 수능 가형 11번.png	932	463
2019 수능	가형	12	5	평가원 수학/2019 수능/2019 수능 가형.pdf	평가원 수학/2019 수능/Questions/가형/2019 수능 가형 12번.png	1013	450
2019 수능	가형	13	6	평가원 수학/2019 수능/2019 수능 가형.pdf	평가원 수학/2019 수능/Questions/가형/2019 수능 가형 13번.png	970	370
2019 수능	가형	14	6	평가원 수학/2019 수능/2019 수능 가형.pdf	평가원 수학/2019 수능/Questions/가형/2019 수능 가형 14번.png	910	1176
2019 수능	가형	15	7	평가원 수학/2019 수능/2019 수능 가형.pdf	평가원 수학/2019 수능/Questions/가형/2019 수능 가형 15번.png	1015	512
2019 수능	가형	16	7	평가원 수학/2019 수능/2019 수능 가형.pdf	평가원 수학/2019 수능/Questions/가형/2019 수능 가형 16번.png	991	617
2019 수능	가형	17	8	평가원 수학/2019 수능/2019 수능 가형.pdf	평가원 수학/2019 수능/Questions/가형/2019 수능 가형 17번.png	1014	1802
2019 수능	가형	18	8	평가원 수학/2019 수능/2019 수능 가형.pdf	평가원 수학/2019 수능/Questions/가형/2019 수능 가형 18번.png	1001	1027
2019 수능	가형	19	9	평가원 수학/2019 수능/2019 수능 가형.pdf	평가원 수학/2019 수능/Questions/가형/2019 수능 가형 19번.png	979	1049
2019 수능	가형	20	9	평가원 수학/2019 수능/2019 수능 가형.pdf	평가원 수학/2019 수능/Questions/가형/2019 수능 가형 20번.png	1016	814
2019 수능	가형	21	10	평가원 수학/2019 수능/2019 수능 가형.pdf	평가원 수학/2019 수능/Questions/가형/2019 수능 가형 21번.png	1016	601
2019 수능	가형	22	10	평가원 수학/2019 수능/2019 수능 가형.pdf	평가원 수학/2019 수능/Questions/가형/2019 수능 가형 22번.png	633	87
2019 수능	가형	23	10	평가원 수학/2019 수능/2019 수능 가형.pdf	평가원 수학/2019 수능/Questions/가형/2019 수능 가형 23번.png	792	87
2019 수능	가형	24	11	평가원 수학/2019 수능/2019 수능 가형.pdf	평가원 수학/2019 수능/Questions/가형/2019 수능 가형 24번.png	998	427
2019 수능	가형	25	11	평가원 수학/2019 수능/2019 수능 가형.pdf	평가원 수학/2019 수능/Questions/가형/2019 수능 가형 25번.png	752	124
2019 수능	가형	26	11	평가원 수학/2019 수능/2019 수능 가형.pdf	평가원 수학/2019 수능/Questions/가형/2019 수능 가형 26번.png	1017	591
2019 수능	가형	27	12	평가원 수학/2019 수능/2019 수능 가형.pdf	평가원 수학/2019 수능/Questions/가형/2019 수능 가형 27번.png	965	254
2019 수능	가형	28	12	평가원 수학/2019 수능/2019 수능 가형.pdf	평가원 수학/2019 수능/Questions/가형/2019 수능 가형 28번.png	935	1028
2019 수능	가형	29	13	평가원 수학/2019 수능/2019 수능 가형.pdf	평가원 수학/2019 수능/Questions/가형/2019 수능 가형 29번.png	1015	528
2019 수능	가형	30	13	평가원 수학/2019 수능/2019 수능 가형.pdf	평가원 수학/2019 수능/Questions/가형/2019 수능 가형 30번.png	1017	865
2019 수능	나형	1	2	평가원 수학/2019 수능/2019 수능 나형.pdf	평가원 수학/2019 수능/Questions/나형/2019 수능 나형 01번.png	894	206
2019 수능	나형	2	2	평가원 수학/2019 수능/2019 수능 나형.pdf	평가원 수학/2019 수능/Questions/나형/2019 수능 나형 02번.png	896	361
2019 수능	나형	3	2	평가원 수학/2019 수능/2019 수능 나형.pdf	평가원 수학/2019 수능/Questions/나형/2019 수능 나형 03번.png	897	227
2019 수능	나형	4	2	평가원 수학/2019 수능/2019 수능 나형.pdf	평가원 수학/2019 수능/Questions/나형/2019 수능 나형 04번.png	899	729
2019 수능	나형	5	3	평가원 수학/2019 수능/2019 수능 나형.pdf	평가원 수학/2019 수능/Questions/나형/2019 수능 나형 05번.png	914	374
2019 수능	나형	6	3	평가원 수학/2019 수능/2019 수능 나형.pdf	평가원 수학/2019 수능/Questions/나형/2019 수능 나형 06번.png	914	177
2019 수능	나형	7	3	평가원 수학/2019 수능/2019 수능 나형.pdf	평가원 수학/2019 수능/Questions/나형/2019 수능 나형 07번.png	897	947
2019 수능	나형	8	4	평가원 수학/2019 수능/2019 수능 나형.pdf	평가원 수학/2019 수능/Questions/나형/2019 수능 나형 08번.png	946	452
2019 수능	나형	9	4	평가원 수학/2019 수능/2019 수능 나형.pdf	평가원 수학/2019 수능/Questions/나형/2019 수능 나형 09번.png	1016	235
2019 수능	나형	10	4	평가원 수학/2019 수능/2019 수능 나형.pdf	평가원 수학/2019 수능/Questions/나형/2019 수능 나형 10번.png	924	798
2019 수능	나형	11	5	평가원 수학/2019 수능/2019 수능 나형.pdf	평가원 수학/2019 수능/Questions/나형/2019 수능 나형 11번.png	893	516
2019 수능	나형	12	5	평가원 수학/2019 수능/2019 수능 나형.pdf	평가원 수학/2019 수능/Questions/나형/2019 수능 나형 12번.png	974	512
2019 수능	나형	13	6	평가원 수학/2019 수능/2019 수능 나형.pdf	평가원 수학/2019 수능/Questions/나형/2019 수능 나형 13번.png	911	544
2019 수능	나형	14	6	평가원 수학/2019 수능/2019 수능 나형.pdf	평가원 수학/2019 수능/Questions/나형/2019 수능 나형 14번.png	932	411
2019 수능	나형	15	7	평가원 수학/2019 수능/2019 수능 나형.pdf	평가원 수학/2019 수능/Questions/나형/2019 수능 나형 15번.png	933	233
2019 수능	나형	16	7	평가원 수학/2019 수능/2019 수능 나형.pdf	평가원 수학/2019 수능/Questions/나형/2019 수능 나형 16번.png	1004	1596
2019 수능	나형	17	8	평가원 수학/2019 수능/2019 수능 나형.pdf	평가원 수학/2019 수능/Questions/나형/2019 수능 나형 17번.png	1014	651
2019 수능	나형	18	8	평가원 수학/2019 수능/2019 수능 나형.pdf	평가원 수학/2019 수능/Questions/나형/2019 수능 나형 18번.png	1013	801
2019 수능	나형	19	9	평가원 수학/2019 수능/2019 수능 나형.pdf	평가원 수학/2019 수능/Questions/나형/2019 수능 나형 19번.png	1014	1802
2019 수능	나형	20	9	평가원 수학/2019 수능/2019 수능 나형.pdf	평가원 수학/2019 수능/Questions/나형/2019 수능 나형 20번.png	1016	1714
2019 수능	나형	21	10	평가원 수학/2019 수능/2019 수능 나형.pdf	평가원 수학/2019 수능/Questions/나형/2019 수능 나형 21번.png	1016	582
2019 수능	나형	22	10	평가원 수학/2019 수능/2019 수능 나형.pdf	평가원 수학/2019 수능/Questions/나형/2019 수능 나형 22번.png	626	87
2019 수능	나형	23	10	평가원 수학/2019 수능/2019 수능 나형.pdf	평가원 수학/2019 수능/Questions/나형/2019 수능 나형 23번.png	1015	143
2019 수능	나형	24	11	평가원 수학/2019 수능/2019 수능 나형.pdf	평가원 수학/2019 수능/Questions/나형/2019 수능 나형 24번.png	970	360
2019 수능	나형	25	11	평가원 수학/2019 수능/2019 수능 나형.pdf	평가원 수학/2019 수능/Questions/나형/2019 수능 나형 25번.png	743	127
2019 수능	나형	26	11	평가원 수학/2019 수능/2019 수능 나형.pdf	평가원 수학/2019 수능/Questions/나형/2019 수능 나형 26번.png	973	144
2019 수능	나형	27	12	평가원 수학/2019 수능/2019 수능 나형.pdf	평가원 수학/2019 수능/Questions/나형/2019 수능 나형 27번.png	1013	370
2019 수능	나형	28	12	평가원 수학/2019 수능/2019 수능 나형.pdf	평가원 수학/2019 수능/Questions/나형/2019 수능 나형 28번.png	976	356
2019 수능	나형	29	13	평가원 수학/2019 수능/2019 수능 나형.pdf	평가원 수학/2019 수능/Questions/나형/2019 수능 나형 29번.png	1016	657
2019 수능	나형	30	13	평가원 수학/2019 수능/2019 수능 나형.pdf	평가원 수학/2019 수능/Questions/나형/2019 수능 나형 30번.png	1017	990
2019 9모	가형	1	2	평가원 수학/2019 9모/2019 9모 가형.pdf	평가원 수학/2019 9모/Questions/가형/2019 9모 가형 01번.png	992	247
2019 9모	가형	2	2	평가원 수학/2019 9모/2019 9모 가형.pdf	평가원 수학/2019 9모/Questions/가형/2019 9모 가형 02번.png	911	265
2019 9모	가형	3	2	평가원 수학/2019 9모/2019 9모 가형.pdf	평가원 수학/2019 9모/Questions/가형/2019 9모 가형 03번.png	1011	294
2019 9모	가형	4	2	평가원 수학/2019 9모/2019 9모 가형.pdf	평가원 수학/2019 9모/Questions/가형/2019 9모 가형 04번.png	1016	511
2019 9모	가형	5	3	평가원 수학/2019 9모/2019 9모 가형.pdf	평가원 수학/2019 9모/Questions/가형/2019 9모 가형 05번.png	923	245
2019 9모	가형	6	3	평가원 수학/2019 9모/2019 9모 가형.pdf	평가원 수학/2019 9모/Questions/가형/2019 9모 가형 06번.png	990	421
2019 9모	가형	7	3	평가원 수학/2019 9모/2019 9모 가형.pdf	평가원 수학/2019 9모/Questions/가형/2019 9모 가형 07번.png	987	239
2019 9모	가형	8	4	평가원 수학/2019 9모/2019 9모 가형.pdf	평가원 수학/2019 9모/Questions/가형/2019 9모 가형 08번.png	897	240
2019 9모	가형	9	4	평가원 수학/2019 9모/2019 9모 가형.pdf	평가원 수학/2019 9모/Questions/가형/2019 9모 가형 09번.png	962	1052
2019 9모	가형	10	4	평가원 수학/2019 9모/2019 9모 가형.pdf	평가원 수학/2019 9모/Questions/가형/2019 9모 가형 10번.png	994	480
2019 9모	가형	11	5	평가원 수학/2019 9모/2019 9모 가형.pdf	평가원 수학/2019 9모/Questions/가형/2019 9모 가형 11번.png	1002	276
2019 9모	가형	12	5	평가원 수학/2019 9모/2019 9모 가형.pdf	평가원 수학/2019 9모/Questions/가형/2019 9모 가형 12번.png	1009	951
2019 9모	가형	13	6	평가원 수학/2019 9모/2019 9모 가형.pdf	평가원 수학/2019 9모/Questions/가형/2019 9모 가형 13번.png	989	636
2019 9모	가형	14	6	평가원 수학/2019 9모/2019 9모 가형.pdf	평가원 수학/2019 9모/Questions/가형/2019 9모 가형 14번.png	894	448
2019 9모	가형	15	7	평가원 수학/2019 9모/2019 9모 가형.pdf	평가원 수학/2019 9모/Questions/가형/2019 9모 가형 15번.png	1008	393
2019 9모	가형	16	7	평가원 수학/2019 9모/2019 9모 가형.pdf	평가원 수학/2019 9모/Questions/가형/2019 9모 가형 16번.png	973	708
2019 9모	가형	17	8	평가원 수학/2019 9모/2019 9모 가형.pdf	평가원 수학/2019 9모/Questions/가형/2019 9모 가형 17번.png	1015	968
2019 9모	가형	18	8	평가원 수학/2019 9모/2019 9모 가형.pdf	평가원 수학/2019 9모/Questions/가형/2019 9모 가형 18번.png	1013	1613
2019 9모	가형	19	9	평가원 수학/2019 9모/2019 9모 가형.pdf	평가원 수학/2019 9모/Questions/가형/2019 9모 가형 19번.png	995	1125
2019 9모	가형	20	9	평가원 수학/2019 9모/2019 9모 가형.pdf	평가원 수학/2019 9모/Questions/가형/2019 9모 가형 20번.png	1016	690
2019 9모	가형	21	10	평가원 수학/2019 9모/2019 9모 가형.pdf	평가원 수학/2019 9모/Questions/가형/2019 9모 가형 21번.png	942	995
2019 9모	가형	22	10	평가원 수학/2019 9모/2019 9모 가형.pdf	평가원 수학/2019 9모/Questions/가형/2019 9모 가형 22번.png	623	87
2019 9모	가형	23	10	평가원 수학/2019 9모/2019 9모 가형.pdf	평가원 수학/2019 9모/Questions/가형/2019 9모 가형 23번.png	883	316
2019 9모	가형	24	11	평가원 수학/2019 9모/2019 9모 가형.pdf	평가원 수학/2019 9모/Questions/가형/2019 9모 가형 24번.png	884	234
2019 9모	가형	25	11	평가원 수학/2019 9모/2019 9모 가형.pdf	평가원 수학/2019 9모/Questions/가형/2019 9모 가형 25번.png	814	137
2019 9모	가형	26	11	평가원 수학/2019 9모/2019 9모 가형.pdf	평가원 수학/2019 9모/Questions/가형/2019 9모 가형 26번.png	941	487
2019 9모	가형	27	12	평가원 수학/2019 9모/2019 9모 가형.pdf	평가원 수학/2019 9모/Questions/가형/2019 9모 가형 27번.png	979	1010
2019 9모	가형	28	12	평가원 수학/2019 9모/2019 9모 가형.pdf	평가원 수학/2019 9모/Questions/가형/2019 9모 가형 28번.png	1009	492
2019 9모	가형	29	13	평가원 수학/2019 9모/2019 9모 가형.pdf	평가원 수학/2019 9모/Questions/가형/2019 9모 가형 29번.png	980	780
2019 9모	가형	30	13	평가원 수학/2019 9모/2019 9모 가형.pdf	평가원 수학/2019 9모/Questions/가형/2019 9모 가형 30번.png	1017	663
2019 9모	나형	1	2	평가원 수학/2019 9모/2019 9모 나형.pdf	평가원 수학/2019 9모/Questions/나형/2019 9모 나형 01번.png	910	207
2019 9모	나형	2	2	평가원 수학/2019 9모/2019 9모 나형.pdf	평가원 수학/2019 9모/Questions/나형/2019 9모 나형 02번.png	912	363
2019 9모	나형	3	2	평가원 수학/2019 9모/2019 9모 나형.pdf	평가원 수학/2019 9모/Questions/나형/2019 9모 나형 03번.png	898	224
2019 9모	나형	4	2	평가원 수학/2019 9모/2019 9모 나형.pdf	평가원 수학/2019 9모/Questions/나형/2019 9모 나형 04번.png	898	749
2019 9모	나형	5	3	평가원 수학/2019 9모/2019 9모 나형.pdf	평가원 수학/2019 9모/Questions/나형/2019 9모 나형 05번.png	1016	511
2019 9모	나형	6	3	평가원 수학/2019 9모/2019 9모 나형.pdf	평가원 수학/2019 9모/Questions/나형/2019 9모 나형 06번.png	897	813
2019 9모	나형	7	3	평가원 수학/2019 9모/2019 9모 나형.pdf	평가원 수학/2019 9모/Questions/나형/2019 9모 나형 07번.png	1012	558
2019 9모	나형	8	4	평가원 수학/2019 9모/2019 9모 나형.pdf	평가원 수학/2019 9모/Questions/나형/2019 9모 나형 08번.png	914	225
2019 9모	나형	9	4	평가원 수학/2019 9모/2019 9모 나형.pdf	평가원 수학/2019 9모/Questions/나형/2019 9모 나형 09번.png	914	239
2019 9모	나형	10	4	평가원 수학/2019 9모/2019 9모 나형.pdf	평가원 수학/2019 9모/Questions/나형/2019 9모 나형 10번.png	1006	303
2019 9모	나형	11	5	평가원 수학/2019 9모/2019 9모 나형.pdf	평가원 수학/2019 9모/Questions/나형/2019 9모 나형 11번.png	925	416
2019 9모	나형	12	5	평가원 수학/2019 9모/2019 9모 나형.pdf	평가원 수학/2019 9모/Questions/나형/2019 9모 나형 12번.png	1005	669
2019 9모	나형	13	6	평가원 수학/2019 9모/2019 9모 나형.pdf	평가원 수학/2019 9모/Questions/나형/2019 9모 나형 13번.png	911	376
2019 9모	나형	14	6	평가원 수학/2019 9모/2019 9모 나형.pdf	평가원 수학/2019 9모/Questions/나형/2019 9모 나형 14번.png	1009	432
2019 9모	나형	15	7	평가원 수학/2019 9모/2019 9모 나형.pdf	평가원 수학/2019 9모/Questions/나형/2019 9모 나형 15번.png	974	239
2019 9모	나형	16	7	평가원 수학/2019 9모/2019 9모 나형.pdf	평가원 수학/2019 9모/Questions/나형/2019 9모 나형 16번.png	964	353
2019 9모	나형	17	8	평가원 수학/2019 9모/2019 9모 나형.pdf	평가원 수학/2019 9모/Questions/나형/2019 9모 나형 17번.png	995	658
2019 9모	나형	18	8	평가원 수학/2019 9모/2019 9모 나형.pdf	평가원 수학/2019 9모/Questions/나형/2019 9모 나형 18번.png	1011	1529
2019 9모	나형	19	9	평가원 수학/2019 9모/2019 9모 나형.pdf	평가원 수학/2019 9모/Questions/나형/2019 9모 나형 19번.png	1006	2026
2019 9모	나형	20	9	평가원 수학/2019 9모/2019 9모 나형.pdf	평가원 수학/2019 9모/Questions/나형/2019 9모 나형 20번.png	1016	697
2019 9모	나형	21	10	평가원 수학/2019 9모/2019 9모 나형.pdf	평가원 수학/2019 9모/Questions/나형/2019 9모 나형 21번.png	1007	883
2019 9모	나형	22	10	평가원 수학/2019 9모/2019 9모 나형.pdf	평가원 수학/2019 9모/Questions/나형/2019 9모 나형 22번.png	631	86
2019 9모	나형	23	10	평가원 수학/2019 9모/2019 9모 나형.pdf	평가원 수학/2019 9모/Questions/나형/2019 9모 나형 23번.png	1015	147
2019 9모	나형	24	11	평가원 수학/2019 9모/2019 9모 나형.pdf	평가원 수학/2019 9모/Questions/나형/2019 9모 나형 24번.png	942	241
2019 9모	나형	25	11	평가원 수학/2019 9모/2019 9모 나형.pdf	평가원 수학/2019 9모/Questions/나형/2019 9모 나형 25번.png	1015	174
2019 9모	나형	26	11	평가원 수학/2019 9모/2019 9모 나형.pdf	평가원 수학/2019 9모/Questions/나형/2019 9모 나형 26번.png	1006	347
2019 9모	나형	27	12	평가원 수학/2019 9모/2019 9모 나형.pdf	평가원 수학/2019 9모/Questions/나형/2019 9모 나형 27번.png	884	234
2019 9모	나형	28	12	평가원 수학/2019 9모/2019 9모 나형.pdf	평가원 수학/2019 9모/Questions/나형/2019 9모 나형 28번.png	981	401
2019 9모	나형	29	13	평가원 수학/2019 9모/2019 9모 나형.pdf	평가원 수학/2019 9모/Questions/나형/2019 9모 나형 29번.png	1016	1615
2019 9모	나형	30	13	평가원 수학/2019 9모/2019 9모 나형.pdf	평가원 수학/2019 9모/Questions/나형/2019 9모 나형 30번.png	998	459
2019 6모	가형	1	1	평가원 수학/2019 6모/2019 6모 가형.pdf	평가원 수학/2019 6모/Questions/가형/2019 6모 가형 01번.png	911	178
2019 6모	가형	2	1	평가원 수학/2019 6모/2019 6모 가형.pdf	평가원 수학/2019 6모/Questions/가형/2019 6모 가형 02번.png	896	228
2019 6모	가형	3	1	평가원 수학/2019 6모/2019 6모 가형.pdf	평가원 수학/2019 6모/Questions/가형/2019 6모 가형 03번.png	913	181
2019 6모	가형	4	1	평가원 수학/2019 6모/2019 6모 가형.pdf	평가원 수학/2019 6모/Questions/가형/2019 6모 가형 04번.png	1009	452
2019 6모	가형	5	2	평가원 수학/2019 6모/2019 6모 가형.pdf	평가원 수학/2019 6모/Questions/가형/2019 6모 가형 05번.png	992	293
2019 6모	가형	6	2	평가원 수학/2019 6모/2019 6모 가형.pdf	평가원 수학/2019 6모/Questions/가형/2019 6모 가형 06번.png	944	285
2019 6모	가형	7	2	평가원 수학/2019 6모/2019 6모 가형.pdf	평가원 수학/2019 6모/Questions/가형/2019 6모 가형 07번.png	1015	280
2019 6모	가형	8	3	평가원 수학/2019 6모/2019 6모 가형.pdf	평가원 수학/2019 6모/Questions/가형/2019 6모 가형 08번.png	985	313
2019 6모	가형	9	3	평가원 수학/2019 6모/2019 6모 가형.pdf	평가원 수학/2019 6모/Questions/가형/2019 6모 가형 09번.png	1005	305
2019 6모	가형	10	3	평가원 수학/2019 6모/2019 6모 가형.pdf	평가원 수학/2019 6모/Questions/가형/2019 6모 가형 10번.png	1001	567
2019 6모	가형	11	4	평가원 수학/2019 6모/2019 6모 가형.pdf	평가원 수학/2019 6모/Questions/가형/2019 6모 가형 11번.png	925	273
2019 6모	가형	12	4	평가원 수학/2019 6모/2019 6모 가형.pdf	평가원 수학/2019 6모/Questions/가형/2019 6모 가형 12번.png	908	314
2019 6모	가형	13	5	평가원 수학/2019 6모/2019 6모 가형.pdf	평가원 수학/2019 6모/Questions/가형/2019 6모 가형 13번.png	979	532
2019 6모	가형	14	5	평가원 수학/2019 6모/2019 6모 가형.pdf	평가원 수학/2019 6모/Questions/가형/2019 6모 가형 14번.png	918	340
2019 6모	가형	15	6	평가원 수학/2019 6모/2019 6모 가형.pdf	평가원 수학/2019 6모/Questions/가형/2019 6모 가형 15번.png	894	464
2019 6모	가형	16	6	평가원 수학/2019 6모/2019 6모 가형.pdf	평가원 수학/2019 6모/Questions/가형/2019 6모 가형 16번.png	1011	1321
2019 6모	가형	17	7	평가원 수학/2019 6모/2019 6모 가형.pdf	평가원 수학/2019 6모/Questions/가형/2019 6모 가형 17번.png	959	1488
2019 6모	가형	18	7	평가원 수학/2019 6모/2019 6모 가형.pdf	평가원 수학/2019 6모/Questions/가형/2019 6모 가형 18번.png	988	436
2019 6모	가형	19	8	평가원 수학/2019 6모/2019 6모 가형.pdf	평가원 수학/2019 6모/Questions/가형/2019 6모 가형 19번.png	1013	584
2019 6모	가형	20	8	평가원 수학/2019 6모/2019 6모 가형.pdf	평가원 수학/2019 6모/Questions/가형/2019 6모 가형 20번.png	1016	2206
2019 6모	가형	21	9	평가원 수학/2019 6모/2019 6모 가형.pdf	평가원 수학/2019 6모/Questions/가형/2019 6모 가형 21번.png	1016	1218
2019 6모	가형	22	9	평가원 수학/2019 6모/2019 6모 가형.pdf	평가원 수학/2019 6모/Questions/가형/2019 6모 가형 22번.png	973	156
2019 6모	가형	23	9	평가원 수학/2019 6모/2019 6모 가형.pdf	평가원 수학/2019 6모/Questions/가형/2019 6모 가형 23번.png	816	117
2019 6모	가형	24	10	평가원 수학/2019 6모/2019 6모 가형.pdf	평가원 수학/2019 6모/Questions/가형/2019 6모 가형 24번.png	997	145
2019 6모	가형	25	10	평가원 수학/2019 6모/2019 6모 가형.pdf	평가원 수학/2019 6모/Questions/가형/2019 6모 가형 25번.png	1004	253
2019 6모	가형	26	10	평가원 수학/2019 6모/2019 6모 가형.pdf	평가원 수학/2019 6모/Questions/가형/2019 6모 가형 26번.png	1015	290
2019 6모	가형	27	11	평가원 수학/2019 6모/2019 6모 가형.pdf	평가원 수학/2019 6모/Questions/가형/2019 6모 가형 27번.png	984	203
2019 6모	가형	28	11	평가원 수학/2019 6모/2019 6모 가형.pdf	평가원 수학/2019 6모/Questions/가형/2019 6모 가형 28번.png	1011	432
2019 6모	가형	29	12	평가원 수학/2019 6모/2019 6모 가형.pdf	평가원 수학/2019 6모/Questions/가형/2019 6모 가형 29번.png	1016	754
2019 6모	가형	30	12	평가원 수학/2019 6모/2019 6모 가형.pdf	평가원 수학/2019 6모/Questions/가형/2019 6모 가형 30번.png	1012	550
2019 6모	나형	1	1	평가원 수학/2019 6모/2019 6모 나형.pdf	평가원 수학/2019 6모/Questions/나형/2019 6모 나형 01번.png	911	207
2019 6모	나형	2	1	평가원 수학/2019 6모/2019 6모 나형.pdf	평가원 수학/2019 6모/Questions/나형/2019 6모 나형 02번.png	911	270
2019 6모	나형	3	1	평가원 수학/2019 6모/2019 6모 나형.pdf	평가원 수학/2019 6모/Questions/나형/2019 6모 나형 03번.png	898	363
2019 6모	나형	4	1	평가원 수학/2019 6모/2019 6모 나형.pdf	평가원 수학/2019 6모/Questions/나형/2019 6모 나형 04번.png	970	659
2019 6모	나형	5	2	평가원 수학/2019 6모/2019 6모 나형.pdf	평가원 수학/2019 6모/Questions/나형/2019 6모 나형 05번.png	958	461
2019 6모	나형	6	2	평가원 수학/2019 6모/2019 6모 나형.pdf	평가원 수학/2019 6모/Questions/나형/2019 6모 나형 06번.png	967	239
2019 6모	나형	7	2	평가원 수학/2019 6모/2019 6모 나형.pdf	평가원 수학/2019 6모/Questions/나형/2019 6모 나형 07번.png	913	475
2019 6모	나형	8	3	평가원 수학/2019 6모/2019 6모 나형.pdf	평가원 수학/2019 6모/Questions/나형/2019 6모 나형 08번.png	949	309
2019 6모	나형	9	3	평가원 수학/2019 6모/2019 6모 나형.pdf	평가원 수학/2019 6모/Questions/나형/2019 6모 나형 09번.png	995	274
2019 6모	나형	10	4	평가원 수학/2019 6모/2019 6모 나형.pdf	평가원 수학/2019 6모/Questions/나형/2019 6모 나형 10번.png	894	739
2019 6모	나형	11	4	평가원 수학/2019 6모/2019 6모 나형.pdf	평가원 수학/2019 6모/Questions/나형/2019 6모 나형 11번.png	1013	287
2019 6모	나형	12	4	평가원 수학/2019 6모/2019 6모 나형.pdf	평가원 수학/2019 6모/Questions/나형/2019 6모 나형 12번.png	1005	453
2019 6모	나형	13	5	평가원 수학/2019 6모/2019 6모 나형.pdf	평가원 수학/2019 6모/Questions/나형/2019 6모 나형 13번.png	926	237
2019 6모	나형	14	5	평가원 수학/2019 6모/2019 6모 나형.pdf	평가원 수학/2019 6모/Questions/나형/2019 6모 나형 14번.png	1015	909
2019 6모	나형	15	6	평가원 수학/2019 6모/2019 6모 나형.pdf	평가원 수학/2019 6모/Questions/나형/2019 6모 나형 15번.png	895	425
2019 6모	나형	16	6	평가원 수학/2019 6모/2019 6모 나형.pdf	평가원 수학/2019 6모/Questions/나형/2019 6모 나형 16번.png	1013	427
2019 6모	나형	17	7	평가원 수학/2019 6모/2019 6모 나형.pdf	평가원 수학/2019 6모/Questions/나형/2019 6모 나형 17번.png	944	371
2019 6모	나형	18	7	평가원 수학/2019 6모/2019 6모 나형.pdf	평가원 수학/2019 6모/Questions/나형/2019 6모 나형 18번.png	1009	2213
2019 6모	나형	19	8	평가원 수학/2019 6모/2019 6모 나형.pdf	평가원 수학/2019 6모/Questions/나형/2019 6모 나형 19번.png	995	335
2019 6모	나형	20	8	평가원 수학/2019 6모/2019 6모 나형.pdf	평가원 수학/2019 6모/Questions/나형/2019 6모 나형 20번.png	1016	2206
2019 6모	나형	21	9	평가원 수학/2019 6모/2019 6모 나형.pdf	평가원 수학/2019 6모/Questions/나형/2019 6모 나형 21번.png	1018	974
2019 6모	나형	22	9	평가원 수학/2019 6모/2019 6모 나형.pdf	평가원 수학/2019 6모/Questions/나형/2019 6모 나형 22번.png	533	86
2019 6모	나형	23	9	평가원 수학/2019 6모/2019 6모 나형.pdf	평가원 수학/2019 6모/Questions/나형/2019 6모 나형 23번.png	1015	147
2019 6모	나형	24	10	평가원 수학/2019 6모/2019 6모 나형.pdf	평가원 수학/2019 6모/Questions/나형/2019 6모 나형 24번.png	589	283
2019 6모	나형	25	10	평가원 수학/2019 6모/2019 6모 나형.pdf	평가원 수학/2019 6모/Questions/나형/2019 6모 나형 25번.png	997	145
2019 6모	나형	26	10	평가원 수학/2019 6모/2019 6모 나형.pdf	평가원 수학/2019 6모/Questions/나형/2019 6모 나형 26번.png	877	147
2019 6모	나형	27	11	평가원 수학/2019 6모/2019 6모 나형.pdf	평가원 수학/2019 6모/Questions/나형/2019 6모 나형 27번.png	1016	400
2019 6모	나형	28	11	평가원 수학/2019 6모/2019 6모 나형.pdf	평가원 수학/2019 6모/Questions/나형/2019 6모 나형 28번.png	1016	493
2019 6모	나형	29	12	평가원 수학/2019 6모/2019 6모 나형.pdf	평가원 수학/2019 6모/Questions/나형/2019 6모 나형 29번.png	1010	565
2019 6모	나형	30	12	평가원 수학/2019 6모/2019 6모 나형.pdf	평가원 수학/2019 6모/Questions/나형/2019 6모 나형 30번.png	1017	620
2018 수능	가형	1	1	평가원 수학/2018 수능/2018 수능 가형.pdf	평가원 수학/2018 수능/Questions/가형/2018 수능 가형 01번.png	976	243
2018 수능	가형	2	1	평가원 수학/2018 수능/2018 수능 가형.pdf	평가원 수학/2018 수능/Questions/가형/2018 수능 가형 02번.png	896	265
2018 수능	가형	3	1	평가원 수학/2018 수능/2018 수능 가형.pdf	평가원 수학/2018 수능/Questions/가형/2018 수능 가형 03번.png	962	288
2018 수능	가형	4	1	평가원 수학/2018 수능/2018 수능 가형.pdf	평가원 수학/2018 수능/Questions/가형/2018 수능 가형 04번.png	912	445
2018 수능	가형	5	2	평가원 수학/2018 수능/2018 수능 가형.pdf	평가원 수학/2018 수능/Questions/가형/2018 수능 가형 05번.png	1016	320
2018 수능	가형	6	2	평가원 수학/2018 수능/2018 수능 가형.pdf	평가원 수학/2018 수능/Questions/가형/2018 수능 가형 06번.png	930	222
2018 수능	가형	7	2	평가원 수학/2018 수능/2018 수능 가형.pdf	평가원 수학/2018 수능/Questions/가형/2018 수능 가형 07번.png	917	406
2018 수능	가형	8	3	평가원 수학/2018 수능/2018 수능 가형.pdf	평가원 수학/2018 수능/Questions/가형/2018 수능 가형 08번.png	980	278
2018 수능	가형	9	3	평가원 수학/2018 수능/2018 수능 가형.pdf	평가원 수학/2018 수능/Questions/가형/2018 수능 가형 09번.png	912	515
2018 수능	가형	10	3	평가원 수학/2018 수능/2018 수능 가형.pdf	평가원 수학/2018 수능/Questions/가형/2018 수능 가형 10번.png	1015	513
2018 수능	가형	11	4	평가원 수학/2018 수능/2018 수능 가형.pdf	평가원 수학/2018 수능/Questions/가형/2018 수능 가형 11번.png	964	329
2018 수능	가형	12	4	평가원 수학/2018 수능/2018 수능 가형.pdf	평가원 수학/2018 수능/Questions/가형/2018 수능 가형 12번.png	964	1194
2018 수능	가형	13	5	평가원 수학/2018 수능/2018 수능 가형.pdf	평가원 수학/2018 수능/Questions/가형/2018 수능 가형 13번.png	989	273
2018 수능	가형	14	5	평가원 수학/2018 수능/2018 수능 가형.pdf	평가원 수학/2018 수능/Questions/가형/2018 수능 가형 14번.png	990	1132
2018 수능	가형	15	6	평가원 수학/2018 수능/2018 수능 가형.pdf	평가원 수학/2018 수능/Questions/가형/2018 수능 가형 15번.png	974	413
2018 수능	가형	16	6	평가원 수학/2018 수능/2018 수능 가형.pdf	평가원 수학/2018 수능/Questions/가형/2018 수능 가형 16번.png	973	526
2018 수능	가형	17	7	평가원 수학/2018 수능/2018 수능 가형.pdf	평가원 수학/2018 수능/Questions/가형/2018 수능 가형 17번.png	967	997
2018 수능	가형	18	7	평가원 수학/2018 수능/2018 수능 가형.pdf	평가원 수학/2018 수능/Questions/가형/2018 수능 가형 18번.png	998	345
2018 수능	가형	19	8	평가원 수학/2018 수능/2018 수능 가형.pdf	평가원 수학/2018 수능/Questions/가형/2018 수능 가형 19번.png	1016	2491
2018 수능	가형	20	8	평가원 수학/2018 수능/2018 수능 가형.pdf	평가원 수학/2018 수능/Questions/가형/2018 수능 가형 20번.png	1018	1224
2018 수능	가형	21	9	평가원 수학/2018 수능/2018 수능 가형.pdf	평가원 수학/2018 수능/Questions/가형/2018 수능 가형 21번.png	1018	1070
2018 수능	가형	22	9	평가원 수학/2018 수능/2018 수능 가형.pdf	평가원 수학/2018 수능/Questions/가형/2018 수능 가형 22번.png	531	87
2018 수능	가형	23	9	평가원 수학/2018 수능/2018 수능 가형.pdf	평가원 수학/2018 수능/Questions/가형/2018 수능 가형 23번.png	1015	146
2018 수능	가형	24	10	평가원 수학/2018 수능/2018 수능 가형.pdf	평가원 수학/2018 수능/Questions/가형/2018 수능 가형 24번.png	896	145
2018 수능	가형	25	10	평가원 수학/2018 수능/2018 수능 가형.pdf	평가원 수학/2018 수능/Questions/가형/2018 수능 가형 25번.png	919	212
2018 수능	가형	26	10	평가원 수학/2018 수능/2018 수능 가형.pdf	평가원 수학/2018 수능/Questions/가형/2018 수능 가형 26번.png	1015	500
2018 수능	가형	27	11	평가원 수학/2018 수능/2018 수능 가형.pdf	평가원 수학/2018 수능/Questions/가형/2018 수능 가형 27번.png	1009	1014
2018 수능	가형	28	11	평가원 수학/2018 수능/2018 수능 가형.pdf	평가원 수학/2018 수능/Questions/가형/2018 수능 가형 28번.png	963	356
2018 수능	가형	29	12	평가원 수학/2018 수능/2018 수능 가형.pdf	평가원 수학/2018 수능/Questions/가형/2018 수능 가형 29번.png	1015	382
2018 수능	가형	30	12	평가원 수학/2018 수능/2018 수능 가형.pdf	평가원 수학/2018 수능/Questions/가형/2018 수능 가형 30번.png	1017	1030
2018 수능	나형	1	1	평가원 수학/2018 수능/2018 수능 나형.pdf	평가원 수학/2018 수능/Questions/나형/2018 수능 나형 01번.png	911	205
2018 수능	나형	2	1	평가원 수학/2018 수능/2018 수능 나형.pdf	평가원 수학/2018 수능/Questions/나형/2018 수능 나형 02번.png	913	233
2018 수능	나형	3	1	평가원 수학/2018 수능/2018 수능 나형.pdf	평가원 수학/2018 수능/Questions/나형/2018 수능 나형 03번.png	897	262
2018 수능	나형	4	1	평가원 수학/2018 수능/2018 수능 나형.pdf	평가원 수학/2018 수능/Questions/나형/2018 수능 나형 04번.png	960	666
2018 수능	나형	5	2	평가원 수학/2018 수능/2018 수능 나형.pdf	평가원 수학/2018 수능/Questions/나형/2018 수능 나형 05번.png	897	935
2018 수능	나형	6	2	평가원 수학/2018 수능/2018 수능 나형.pdf	평가원 수학/2018 수능/Questions/나형/2018 수능 나형 06번.png	897	477
2018 수능	나형	7	2	평가원 수학/2018 수능/2018 수능 나형.pdf	평가원 수학/2018 수능/Questions/나형/2018 수능 나형 07번.png	968	904
2018 수능	나형	8	3	평가원 수학/2018 수능/2018 수능 나형.pdf	평가원 수학/2018 수능/Questions/나형/2018 수능 나형 08번.png	962	233
2018 수능	나형	9	3	평가원 수학/2018 수능/2018 수능 나형.pdf	평가원 수학/2018 수능/Questions/나형/2018 수능 나형 09번.png	931	260
2018 수능	나형	10	3	평가원 수학/2018 수능/2018 수능 나형.pdf	평가원 수학/2018 수능/Questions/나형/2018 수능 나형 10번.png	908	446
2018 수능	나형	11	4	평가원 수학/2018 수능/2018 수능 나형.pdf	평가원 수학/2018 수능/Questions/나형/2018 수능 나형 11번.png	936	326
2018 수능	나형	12	4	평가원 수학/2018 수능/2018 수능 나형.pdf	평가원 수학/2018 수능/Questions/나형/2018 수능 나형 12번.png	926	222
2018 수능	나형	13	5	평가원 수학/2018 수능/2018 수능 나형.pdf	평가원 수학/2018 수능/Questions/나형/2018 수능 나형 13번.png	910	426
2018 수능	나형	14	5	평가원 수학/2018 수능/2018 수능 나형.pdf	평가원 수학/2018 수능/Questions/나형/2018 수능 나형 14번.png	923	423
2018 수능	나형	15	6	평가원 수학/2018 수능/2018 수능 나형.pdf	평가원 수학/2018 수능/Questions/나형/2018 수능 나형 15번.png	1016	513
2018 수능	나형	16	6	평가원 수학/2018 수능/2018 수능 나형.pdf	평가원 수학/2018 수능/Questions/나형/2018 수능 나형 16번.png	894	376
2018 수능	나형	17	7	평가원 수학/2018 수능/2018 수능 나형.pdf	평가원 수학/2018 수능/Questions/나형/2018 수능 나형 17번.png	1016	1483
2018 수능	나형	18	7	평가원 수학/2018 수능/2018 수능 나형.pdf	평가원 수학/2018 수능/Questions/나형/2018 수능 나형 18번.png	936	411
2018 수능	나형	19	8	평가원 수학/2018 수능/2018 수능 나형.pdf	평가원 수학/2018 수능/Questions/나형/2018 수능 나형 19번.png	1008	2507
2018 수능	나형	20	8	평가원 수학/2018 수능/2018 수능 나형.pdf	평가원 수학/2018 수능/Questions/나형/2018 수능 나형 20번.png	1018	1039
2018 수능	나형	21	9	평가원 수학/2018 수능/2018 수능 나형.pdf	평가원 수학/2018 수능/Questions/나형/2018 수능 나형 21번.png	1018	1190
2018 수능	나형	22	9	평가원 수학/2018 수능/2018 수능 나형.pdf	평가원 수학/2018 수능/Questions/나형/2018 수능 나형 22번.png	526	87
2018 수능	나형	23	9	평가원 수학/2018 수능/2018 수능 나형.pdf	평가원 수학/2018 수능/Questions/나형/2018 수능 나형 23번.png	1015	146
2018 수능	나형	24	10	평가원 수학/2018 수능/2018 수능 나형.pdf	평가원 수학/2018 수능/Questions/나형/2018 수능 나형 24번.png	902	275
2018 수능	나형	25	10	평가원 수학/2018 수능/2018 수능 나형.pdf	평가원 수학/2018 수능/Questions/나형/2018 수능 나형 25번.png	891	195
2018 수능	나형	26	10	평가원 수학/2018 수능/2018 수능 나형.pdf	평가원 수학/2018 수능/Questions/나형/2018 수능 나형 26번.png	921	247
2018 수능	나형	27	11	평가원 수학/2018 수능/2018 수능 나형.pdf	평가원 수학/2018 수능/Questions/나형/2018 수능 나형 27번.png	699	379
2018 수능	나형	28	11	평가원 수학/2018 수능/2018 수능 나형.pdf	평가원 수학/2018 수능/Questions/나형/2018 수능 나형 28번.png	1007	245
2018 수능	나형	29	12	평가원 수학/2018 수능/2018 수능 나형.pdf	평가원 수학/2018 수능/Questions/나형/2018 수능 나형 29번.png	1018	877
2018 수능	나형	30	12	평가원 수학/2018 수능/2018 수능 나형.pdf	평가원 수학/2018 수능/Questions/나형/2018 수능 나형 30번.png	1019	1040
2018 9모	가형	1	1	평가원 수학/2018 9모/2018 9모 가형.pdf	평가원 수학/2018 9모/Questions/가형/2018 9모 가형 01번.png	987	243
2018 9모	가형	2	1	평가원 수학/2018 9모/2018 9모 가형.pdf	평가원 수학/2018 9모/Questions/가형/2018 9모 가형 02번.png	911	260
2018 9모	가형	3	1	평가원 수학/2018 9모/2018 9모 가형.pdf	평가원 수학/2018 9모/Questions/가형/2018 9모 가형 03번.png	927	288
2018 9모	가형	4	1	평가원 수학/2018 9모/2018 9모 가형.pdf	평가원 수학/2018 9모/Questions/가형/2018 9모 가형 04번.png	912	445
2018 9모	가형	5	2	평가원 수학/2018 9모/2018 9모 가형.pdf	평가원 수학/2018 9모/Questions/가형/2018 9모 가형 05번.png	933	233
2018 9모	가형	6	2	평가원 수학/2018 9모/2018 9모 가형.pdf	평가원 수학/2018 9모/Questions/가형/2018 9모 가형 06번.png	917	406
2018 9모	가형	7	2	평가원 수학/2018 9모/2018 9모 가형.pdf	평가원 수학/2018 9모/Questions/가형/2018 9모 가형 07번.png	1015	355
2018 9모	가형	8	3	평가원 수학/2018 9모/2018 9모 가형.pdf	평가원 수학/2018 9모/Questions/가형/2018 9모 가형 08번.png	912	267
2018 9모	가형	9	3	평가원 수학/2018 9모/2018 9모 가형.pdf	평가원 수학/2018 9모/Questions/가형/2018 9모 가형 09번.png	1017	391
2018 9모	가형	10	3	평가원 수학/2018 9모/2018 9모 가형.pdf	평가원 수학/2018 9모/Questions/가형/2018 9모 가형 10번.png	1014	652
2018 9모	가형	11	4	평가원 수학/2018 9모/2018 9모 가형.pdf	평가원 수학/2018 9모/Questions/가형/2018 9모 가형 11번.png	909	275
2018 9모	가형	12	4	평가원 수학/2018 9모/2018 9모 가형.pdf	평가원 수학/2018 9모/Questions/가형/2018 9모 가형 12번.png	1012	606
2018 9모	가형	13	5	평가원 수학/2018 9모/2018 9모 가형.pdf	평가원 수학/2018 9모/Questions/가형/2018 9모 가형 13번.png	996	326
2018 9모	가형	14	5	평가원 수학/2018 9모/2018 9모 가형.pdf	평가원 수학/2018 9모/Questions/가형/2018 9모 가형 14번.png	924	500
2018 9모	가형	15	6	평가원 수학/2018 9모/2018 9모 가형.pdf	평가원 수학/2018 9모/Questions/가형/2018 9모 가형 15번.png	927	1048
2018 9모	가형	16	6	평가원 수학/2018 9모/2018 9모 가형.pdf	평가원 수학/2018 9모/Questions/가형/2018 9모 가형 16번.png	894	948
2018 9모	가형	17	7	평가원 수학/2018 9모/2018 9모 가형.pdf	평가원 수학/2018 9모/Questions/가형/2018 9모 가형 17번.png	1002	457
2018 9모	가형	18	7	평가원 수학/2018 9모/2018 9모 가형.pdf	평가원 수학/2018 9모/Questions/가형/2018 9모 가형 18번.png	976	613
2018 9모	가형	19	8	평가원 수학/2018 9모/2018 9모 가형.pdf	평가원 수학/2018 9모/Questions/가형/2018 9모 가형 19번.png	1014	986
2018 9모	가형	20	8	평가원 수학/2018 9모/2018 9모 가형.pdf	평가원 수학/2018 9모/Questions/가형/2018 9모 가형 20번.png	1016	2323
2018 9모	가형	21	9	평가원 수학/2018 9모/2018 9모 가형.pdf	평가원 수학/2018 9모/Questions/가형/2018 9모 가형 21번.png	943	839
2018 9모	가형	22	9	평가원 수학/2018 9모/2018 9모 가형.pdf	평가원 수학/2018 9모/Questions/가형/2018 9모 가형 22번.png	535	86
2018 9모	가형	23	9	평가원 수학/2018 9모/2018 9모 가형.pdf	평가원 수학/2018 9모/Questions/가형/2018 9모 가형 23번.png	1015	128
2018 9모	가형	24	10	평가원 수학/2018 9모/2018 9모 가형.pdf	평가원 수학/2018 9모/Questions/가형/2018 9모 가형 24번.png	911	145
2018 9모	가형	25	10	평가원 수학/2018 9모/2018 9모 가형.pdf	평가원 수학/2018 9모/Questions/가형/2018 9모 가형 25번.png	993	837
2018 9모	가형	26	10	평가원 수학/2018 9모/2018 9모 가형.pdf	평가원 수학/2018 9모/Questions/가형/2018 9모 가형 26번.png	1006	593
2018 9모	가형	27	11	평가원 수학/2018 9모/2018 9모 가형.pdf	평가원 수학/2018 9모/Questions/가형/2018 9모 가형 27번.png	994	1157
2018 9모	가형	28	11	평가원 수학/2018 9모/2018 9모 가형.pdf	평가원 수학/2018 9모/Questions/가형/2018 9모 가형 28번.png	1011	949
2018 9모	가형	29	12	평가원 수학/2018 9모/2018 9모 가형.pdf	평가원 수학/2018 9모/Questions/가형/2018 9모 가형 29번.png	990	508
2018 9모	가형	30	12	평가원 수학/2018 9모/2018 9모 가형.pdf	평가원 수학/2018 9모/Questions/가형/2018 9모 가형 30번.png	1017	592
2018 9모	나형	1	1	평가원 수학/2018 9모/2018 9모 나형.pdf	평가원 수학/2018 9모/Questions/나형/2018 9모 나형 01번.png	894	205
2018 9모	나형	2	1	평가원 수학/2018 9모/2018 9모 나형.pdf	평가원 수학/2018 9모/Questions/나형/2018 9모 나형 02번.png	896	361
2018 9모	나형	3	1	평가원 수학/2018 9모/2018 9모 나형.pdf	평가원 수학/2018 9모/Questions/나형/2018 9모 나형 03번.png	898	697
2018 9모	나형	4	1	평가원 수학/2018 9모/2018 9모 나형.pdf	평가원 수학/2018 9모/Questions/나형/2018 9모 나형 04번.png	914	228
2018 9모	나형	5	2	평가원 수학/2018 9모/2018 9모 나형.pdf	평가원 수학/2018 9모/Questions/나형/2018 9모 나형 05번.png	897	882
2018 9모	나형	6	2	평가원 수학/2018 9모/2018 9모 나형.pdf	평가원 수학/2018 9모/Questions/나형/2018 9모 나형 06번.png	965	825
2018 9모	나형	7	2	평가원 수학/2018 9모/2018 9모 나형.pdf	평가원 수학/2018 9모/Questions/나형/2018 9모 나형 07번.png	982	214
2018 9모	나형	8	3	평가원 수학/2018 9모/2018 9모 나형.pdf	평가원 수학/2018 9모/Questions/나형/2018 9모 나형 08번.png	1011	220
2018 9모	나형	9	3	평가원 수학/2018 9모/2018 9모 나형.pdf	평가원 수학/2018 9모/Questions/나형/2018 9모 나형 09번.png	878	480
2018 9모	나형	10	3	평가원 수학/2018 9모/2018 9모 나형.pdf	평가원 수학/2018 9모/Questions/나형/2018 9모 나형 10번.png	980	839
2018 9모	나형	11	4	평가원 수학/2018 9모/2018 9모 나형.pdf	평가원 수학/2018 9모/Questions/나형/2018 9모 나형 11번.png	927	400
2018 9모	나형	12	4	평가원 수학/2018 9모/2018 9모 나형.pdf	평가원 수학/2018 9모/Questions/나형/2018 9모 나형 12번.png	1013	576
2018 9모	나형	13	5	평가원 수학/2018 9모/2018 9모 나형.pdf	평가원 수학/2018 9모/Questions/나형/2018 9모 나형 13번.png	954	417
2018 9모	나형	14	5	평가원 수학/2018 9모/2018 9모 나형.pdf	평가원 수학/2018 9모/Questions/나형/2018 9모 나형 14번.png	1012	606
2018 9모	나형	15	6	평가원 수학/2018 9모/2018 9모 나형.pdf	평가원 수학/2018 9모/Questions/나형/2018 9모 나형 15번.png	1015	652
2018 9모	나형	16	6	평가원 수학/2018 9모/2018 9모 나형.pdf	평가원 수학/2018 9모/Questions/나형/2018 9모 나형 16번.png	1013	442
2018 9모	나형	17	7	평가원 수학/2018 9모/2018 9모 나형.pdf	평가원 수학/2018 9모/Questions/나형/2018 9모 나형 17번.png	911	590
2018 9모	나형	18	7	평가원 수학/2018 9모/2018 9모 나형.pdf	평가원 수학/2018 9모/Questions/나형/2018 9모 나형 18번.png	1003	1745
2018 9모	나형	19	8	평가원 수학/2018 9모/2018 9모 나형.pdf	평가원 수학/2018 9모/Questions/나형/2018 9모 나형 19번.png	894	436
2018 9모	나형	20	8	평가원 수학/2018 9모/2018 9모 나형.pdf	평가원 수학/2018 9모/Questions/나형/2018 9모 나형 20번.png	1016	756
2018 9모	나형	21	9	평가원 수학/2018 9모/2018 9모 나형.pdf	평가원 수학/2018 9모/Questions/나형/2018 9모 나형 21번.png	960	1165
2018 9모	나형	22	9	평가원 수학/2018 9모/2018 9모 나형.pdf	평가원 수학/2018 9모/Questions/나형/2018 9모 나형 22번.png	535	86
2018 9모	나형	23	9	평가원 수학/2018 9모/2018 9모 나형.pdf	평가원 수학/2018 9모/Questions/나형/2018 9모 나형 23번.png	1015	86
2018 9모	나형	24	10	평가원 수학/2018 9모/2018 9모 나형.pdf	평가원 수학/2018 9모/Questions/나형/2018 9모 나형 24번.png	952	202
2018 9모	나형	25	10	평가원 수학/2018 9모/2018 9모 나형.pdf	평가원 수학/2018 9모/Questions/나형/2018 9모 나형 25번.png	718	280
2018 9모	나형	26	10	평가원 수학/2018 9모/2018 9모 나형.pdf	평가원 수학/2018 9모/Questions/나형/2018 9모 나형 26번.png	939	145
2018 9모	나형	27	11	평가원 수학/2018 9모/2018 9모 나형.pdf	평가원 수학/2018 9모/Questions/나형/2018 9모 나형 27번.png	1018	626
2018 9모	나형	28	11	평가원 수학/2018 9모/2018 9모 나형.pdf	평가원 수학/2018 9모/Questions/나형/2018 9모 나형 28번.png	1015	372
2018 9모	나형	29	12	평가원 수학/2018 9모/2018 9모 나형.pdf	평가원 수학/2018 9모/Questions/나형/2018 9모 나형 29번.png	944	436
2018 9모	나형	30	12	평가원 수학/2018 9모/2018 9모 나형.pdf	평가원 수학/2018 9모/Questions/나형/2018 9모 나형 30번.png	988	1069
2018 6모	가형	1	1	평가원 수학/2018 6모/2018 6모 가형.pdf	평가원 수학/2018 6모/Questions/가형/2018 6모 가형 01번.png	939	247
2018 6모	가형	2	1	평가원 수학/2018 6모/2018 6모 가형.pdf	평가원 수학/2018 6모/Questions/가형/2018 6모 가형 02번.png	949	260
2018 6모	가형	3	1	평가원 수학/2018 6모/2018 6모 가형.pdf	평가원 수학/2018 6모/Questions/가형/2018 6모 가형 03번.png	898	226
2018 6모	가형	4	1	평가원 수학/2018 6모/2018 6모 가형.pdf	평가원 수학/2018 6모/Questions/가형/2018 6모 가형 04번.png	912	447
2018 6모	가형	5	2	평가원 수학/2018 6모/2018 6모 가형.pdf	평가원 수학/2018 6모/Questions/가형/2018 6모 가형 05번.png	917	179
2018 6모	가형	6	2	평가원 수학/2018 6모/2018 6모 가형.pdf	평가원 수학/2018 6모/Questions/가형/2018 6모 가형 06번.png	912	451
2018 6모	가형	7	2	평가원 수학/2018 6모/2018 6모 가형.pdf	평가원 수학/2018 6모/Questions/가형/2018 6모 가형 07번.png	964	179
2018 6모	가형	8	3	평가원 수학/2018 6모/2018 6모 가형.pdf	평가원 수학/2018 6모/Questions/가형/2018 6모 가형 08번.png	914	407
2018 6모	가형	9	3	평가원 수학/2018 6모/2018 6모 가형.pdf	평가원 수학/2018 6모/Questions/가형/2018 6모 가형 09번.png	938	284
2018 6모	가형	10	3	평가원 수학/2018 6모/2018 6모 가형.pdf	평가원 수학/2018 6모/Questions/가형/2018 6모 가형 10번.png	1012	331
2018 6모	가형	11	4	평가원 수학/2018 6모/2018 6모 가형.pdf	평가원 수학/2018 6모/Questions/가형/2018 6모 가형 11번.png	932	316
2018 6모	가형	12	4	평가원 수학/2018 6모/2018 6모 가형.pdf	평가원 수학/2018 6모/Questions/가형/2018 6모 가형 12번.png	918	453
2018 6모	가형	13	5	평가원 수학/2018 6모/2018 6모 가형.pdf	평가원 수학/2018 6모/Questions/가형/2018 6모 가형 13번.png	985	352
2018 6모	가형	14	5	평가원 수학/2018 6모/2018 6모 가형.pdf	평가원 수학/2018 6모/Questions/가형/2018 6모 가형 14번.png	868	283
2018 6모	가형	15	6	평가원 수학/2018 6모/2018 6모 가형.pdf	평가원 수학/2018 6모/Questions/가형/2018 6모 가형 15번.png	989	534
2018 6모	가형	16	6	평가원 수학/2018 6모/2018 6모 가형.pdf	평가원 수학/2018 6모/Questions/가형/2018 6모 가형 16번.png	960	589
2018 6모	가형	17	7	평가원 수학/2018 6모/2018 6모 가형.pdf	평가원 수학/2018 6모/Questions/가형/2018 6모 가형 17번.png	999	451
2018 6모	가형	18	7	평가원 수학/2018 6모/2018 6모 가형.pdf	평가원 수학/2018 6모/Questions/가형/2018 6모 가형 18번.png	1006	613
2018 6모	가형	19	8	평가원 수학/2018 6모/2018 6모 가형.pdf	평가원 수학/2018 6모/Questions/가형/2018 6모 가형 19번.png	1014	1424
2018 6모	가형	20	8	평가원 수학/2018 6모/2018 6모 가형.pdf	평가원 수학/2018 6모/Questions/가형/2018 6모 가형 20번.png	1016	717
2018 6모	가형	21	9	평가원 수학/2018 6모/2018 6모 가형.pdf	평가원 수학/2018 6모/Questions/가형/2018 6모 가형 21번.png	938	782
2018 6모	가형	22	9	평가원 수학/2018 6모/2018 6모 가형.pdf	평가원 수학/2018 6모/Questions/가형/2018 6모 가형 22번.png	532	87
2018 6모	가형	23	9	평가원 수학/2018 6모/2018 6모 가형.pdf	평가원 수학/2018 6모/Questions/가형/2018 6모 가형 23번.png	1015	153
2018 6모	가형	24	10	평가원 수학/2018 6모/2018 6모 가형.pdf	평가원 수학/2018 6모/Questions/가형/2018 6모 가형 24번.png	972	126
2018 6모	가형	25	10	평가원 수학/2018 6모/2018 6모 가형.pdf	평가원 수학/2018 6모/Questions/가형/2018 6모 가형 25번.png	946	227
2018 6모	가형	26	10	평가원 수학/2018 6모/2018 6모 가형.pdf	평가원 수학/2018 6모/Questions/가형/2018 6모 가형 26번.png	976	1119
2018 6모	가형	27	11	평가원 수학/2018 6모/2018 6모 가형.pdf	평가원 수학/2018 6모/Questions/가형/2018 6모 가형 27번.png	973	203
2018 6모	가형	28	11	평가원 수학/2018 6모/2018 6모 가형.pdf	평가원 수학/2018 6모/Questions/가형/2018 6모 가형 28번.png	1010	1212
2018 6모	가형	29	12	평가원 수학/2018 6모/2018 6모 가형.pdf	평가원 수학/2018 6모/Questions/가형/2018 6모 가형 29번.png	1016	589
2018 6모	가형	30	12	평가원 수학/2018 6모/2018 6모 가형.pdf	평가원 수학/2018 6모/Questions/가형/2018 6모 가형 30번.png	1017	934
2018 6모	나형	1	1	평가원 수학/2018 6모/2018 6모 나형.pdf	평가원 수학/2018 6모/Questions/나형/2018 6모 나형 01번.png	910	207
2018 6모	나형	2	1	평가원 수학/2018 6모/2018 6모 나형.pdf	평가원 수학/2018 6모/Questions/나형/2018 6모 나형 02번.png	896	363
2018 6모	나형	3	1	평가원 수학/2018 6모/2018 6모 나형.pdf	평가원 수학/2018 6모/Questions/나형/2018 6모 나형 03번.png	915	230
2018 6모	나형	4	1	평가원 수학/2018 6모/2018 6모 나형.pdf	평가원 수학/2018 6모/Questions/나형/2018 6모 나형 04번.png	973	667
2018 6모	나형	5	2	평가원 수학/2018 6모/2018 6모 나형.pdf	평가원 수학/2018 6모/Questions/나형/2018 6모 나형 05번.png	912	448
2018 6모	나형	6	2	평가원 수학/2018 6모/2018 6모 나형.pdf	평가원 수학/2018 6모/Questions/나형/2018 6모 나형 06번.png	1003	427
2018 6모	나형	7	2	평가원 수학/2018 6모/2018 6모 나형.pdf	평가원 수학/2018 6모/Questions/나형/2018 6모 나형 07번.png	918	715
2018 6모	나형	8	3	평가원 수학/2018 6모/2018 6모 나형.pdf	평가원 수학/2018 6모/Questions/나형/2018 6모 나형 08번.png	965	179
2018 6모	나형	9	3	평가원 수학/2018 6모/2018 6모 나형.pdf	평가원 수학/2018 6모/Questions/나형/2018 6모 나형 09번.png	897	857
2018 6모	나형	10	3	평가원 수학/2018 6모/2018 6모 나형.pdf	평가원 수학/2018 6모/Questions/나형/2018 6모 나형 10번.png	894	239
2018 6모	나형	11	4	평가원 수학/2018 6모/2018 6모 나형.pdf	평가원 수학/2018 6모/Questions/나형/2018 6모 나형 11번.png	894	374
2018 6모	나형	12	4	평가원 수학/2018 6모/2018 6모 나형.pdf	평가원 수학/2018 6모/Questions/나형/2018 6모 나형 12번.png	561	627
2018 6모	나형	13	5	평가원 수학/2018 6모/2018 6모 나형.pdf	평가원 수학/2018 6모/Questions/나형/2018 6모 나형 13번.png	970	274
2018 6모	나형	14	5	평가원 수학/2018 6모/2018 6모 나형.pdf	평가원 수학/2018 6모/Questions/나형/2018 6모 나형 14번.png	894	529
2018 6모	나형	15	6	평가원 수학/2018 6모/2018 6모 나형.pdf	평가원 수학/2018 6모/Questions/나형/2018 6모 나형 15번.png	1007	292
2018 6모	나형	16	6	평가원 수학/2018 6모/2018 6모 나형.pdf	평가원 수학/2018 6모/Questions/나형/2018 6모 나형 16번.png	910	493
2018 6모	나형	17	7	평가원 수학/2018 6모/2018 6모 나형.pdf	평가원 수학/2018 6모/Questions/나형/2018 6모 나형 17번.png	1015	369
2018 6모	나형	18	7	평가원 수학/2018 6모/2018 6모 나형.pdf	평가원 수학/2018 6모/Questions/나형/2018 6모 나형 18번.png	1004	2112
2018 6모	나형	19	8	평가원 수학/2018 6모/2018 6모 나형.pdf	평가원 수학/2018 6모/Questions/나형/2018 6모 나형 19번.png	1014	1424
2018 6모	나형	20	8	평가원 수학/2018 6모/2018 6모 나형.pdf	평가원 수학/2018 6모/Questions/나형/2018 6모 나형 20번.png	1016	626
2018 6모	나형	21	9	평가원 수학/2018 6모/2018 6모 나형.pdf	평가원 수학/2018 6모/Questions/나형/2018 6모 나형 21번.png	1016	676
2018 6모	나형	22	9	평가원 수학/2018 6모/2018 6모 나형.pdf	평가원 수학/2018 6모/Questions/나형/2018 6모 나형 22번.png	532	87
2018 6모	나형	23	9	평가원 수학/2018 6모/2018 6모 나형.pdf	평가원 수학/2018 6모/Questions/나형/2018 6모 나형 23번.png	1015	147
2018 6모	나형	24	10	평가원 수학/2018 6모/2018 6모 나형.pdf	평가원 수학/2018 6모/Questions/나형/2018 6모 나형 24번.png	1009	272
2018 6모	나형	25	10	평가원 수학/2018 6모/2018 6모 나형.pdf	평가원 수학/2018 6모/Questions/나형/2018 6모 나형 25번.png	692	115
2018 6모	나형	26	10	평가원 수학/2018 6모/2018 6모 나형.pdf	평가원 수학/2018 6모/Questions/나형/2018 6모 나형 26번.png	732	433
2018 6모	나형	27	11	평가원 수학/2018 6모/2018 6모 나형.pdf	평가원 수학/2018 6모/Questions/나형/2018 6모 나형 27번.png	1015	270
2018 6모	나형	28	11	평가원 수학/2018 6모/2018 6모 나형.pdf	평가원 수학/2018 6모/Questions/나형/2018 6모 나형 28번.png	992	421
2018 6모	나형	29	12	평가원 수학/2018 6모/2018 6모 나형.pdf	평가원 수학/2018 6모/Questions/나형/2018 6모 나형 29번.png	982	648
2018 6모	나형	30	12	평가원 수학/2018 6모/2018 6모 나형.pdf	평가원 수학/2018 6모/Questions/나형/2018 6모 나형 30번.png	1015	473
2017 수능	가형	1	1	평가원 수학/2017 수능/2017 수능 가형.pdf	평가원 수학/2017 수능/Questions/가형/2017 수능 가형 01번.png	955	243
2017 수능	가형	2	1	평가원 수학/2017 수능/2017 수능 가형.pdf	평가원 수학/2017 수능/Questions/가형/2017 수능 가형 02번.png	896	226
2017 수능	가형	3	1	평가원 수학/2017 수능/2017 수능 가형.pdf	평가원 수학/2017 수능/Questions/가형/2017 수능 가형 03번.png	898	272
2017 수능	가형	4	1	평가원 수학/2017 수능/2017 수능 가형.pdf	평가원 수학/2017 수능/Questions/가형/2017 수능 가형 04번.png	1008	451
2017 수능	가형	5	2	평가원 수학/2017 수능/2017 수능 가형.pdf	평가원 수학/2017 수능/Questions/가형/2017 수능 가형 05번.png	1004	289
2017 수능	가형	6	2	평가원 수학/2017 수능/2017 수능 가형.pdf	평가원 수학/2017 수능/Questions/가형/2017 수능 가형 06번.png	896	275
2017 수능	가형	7	2	평가원 수학/2017 수능/2017 수능 가형.pdf	평가원 수학/2017 수능/Questions/가형/2017 수능 가형 07번.png	934	273
2017 수능	가형	8	3	평가원 수학/2017 수능/2017 수능 가형.pdf	평가원 수학/2017 수능/Questions/가형/2017 수능 가형 08번.png	927	289
2017 수능	가형	9	3	평가원 수학/2017 수능/2017 수능 가형.pdf	평가원 수학/2017 수능/Questions/가형/2017 수능 가형 09번.png	960	259
2017 수능	가형	10	3	평가원 수학/2017 수능/2017 수능 가형.pdf	평가원 수학/2017 수능/Questions/가형/2017 수능 가형 10번.png	948	467
2017 수능	가형	11	4	평가원 수학/2017 수능/2017 수능 가형.pdf	평가원 수학/2017 수능/Questions/가형/2017 수능 가형 11번.png	1015	1055
2017 수능	가형	12	4	평가원 수학/2017 수능/2017 수능 가형.pdf	평가원 수학/2017 수능/Questions/가형/2017 수능 가형 12번.png	979	273
2017 수능	가형	13	5	평가원 수학/2017 수능/2017 수능 가형.pdf	평가원 수학/2017 수능/Questions/가형/2017 수능 가형 13번.png	968	473
2017 수능	가형	14	5	평가원 수학/2017 수능/2017 수능 가형.pdf	평가원 수학/2017 수능/Questions/가형/2017 수능 가형 14번.png	1010	1176
2017 수능	가형	15	6	평가원 수학/2017 수능/2017 수능 가형.pdf	평가원 수학/2017 수능/Questions/가형/2017 수능 가형 15번.png	997	1012
2017 수능	가형	16	6	평가원 수학/2017 수능/2017 수능 가형.pdf	평가원 수학/2017 수능/Questions/가형/2017 수능 가형 16번.png	959	1205
2017 수능	가형	17	7	평가원 수학/2017 수능/2017 수능 가형.pdf	평가원 수학/2017 수능/Questions/가형/2017 수능 가형 17번.png	1014	1865
2017 수능	가형	18	7	평가원 수학/2017 수능/2017 수능 가형.pdf	평가원 수학/2017 수능/Questions/가형/2017 수능 가형 18번.png	1008	698
2017 수능	가형	19	8	평가원 수학/2017 수능/2017 수능 가형.pdf	평가원 수학/2017 수능/Questions/가형/2017 수능 가형 19번.png	1010	472
2017 수능	가형	20	8	평가원 수학/2017 수능/2017 수능 가형.pdf	평가원 수학/2017 수능/Questions/가형/2017 수능 가형 20번.png	1016	693
2017 수능	가형	21	9	평가원 수학/2017 수능/2017 수능 가형.pdf	평가원 수학/2017 수능/Questions/가형/2017 수능 가형 21번.png	861	766
2017 수능	가형	22	9	평가원 수학/2017 수능/2017 수능 가형.pdf	평가원 수학/2017 수능/Questions/가형/2017 수능 가형 22번.png	544	87
2017 수능	가형	23	9	평가원 수학/2017 수능/2017 수능 가형.pdf	평가원 수학/2017 수능/Questions/가형/2017 수능 가형 23번.png	971	189
2017 수능	가형	24	10	평가원 수학/2017 수능/2017 수능 가형.pdf	평가원 수학/2017 수능/Questions/가형/2017 수능 가형 24번.png	969	204
2017 수능	가형	25	10	평가원 수학/2017 수능/2017 수능 가형.pdf	평가원 수학/2017 수능/Questions/가형/2017 수능 가형 25번.png	981	245
2017 수능	가형	26	10	평가원 수학/2017 수능/2017 수능 가형.pdf	평가원 수학/2017 수능/Questions/가형/2017 수능 가형 26번.png	1014	884
2017 수능	가형	27	11	평가원 수학/2017 수능/2017 수능 가형.pdf	평가원 수학/2017 수능/Questions/가형/2017 수능 가형 27번.png	1016	352
2017 수능	가형	28	11	평가원 수학/2017 수능/2017 수능 가형.pdf	평가원 수학/2017 수능/Questions/가형/2017 수능 가형 28번.png	1016	605
2017 수능	가형	29	12	평가원 수학/2017 수능/2017 수능 가형.pdf	평가원 수학/2017 수능/Questions/가형/2017 수능 가형 29번.png	1015	411
2017 수능	가형	30	12	평가원 수학/2017 수능/2017 수능 가형.pdf	평가원 수학/2017 수능/Questions/가형/2017 수능 가형 30번.png	1017	841
2017 수능	나형	1	1	평가원 수학/2017 수능/2017 수능 나형.pdf	평가원 수학/2017 수능/Questions/나형/2017 수능 나형 01번.png	911	179
2017 수능	나형	2	1	평가원 수학/2017 수능/2017 수능 나형.pdf	평가원 수학/2017 수능/Questions/나형/2017 수능 나형 02번.png	913	361
2017 수능	나형	3	1	평가원 수학/2017 수능/2017 수능 나형.pdf	평가원 수학/2017 수능/Questions/나형/2017 수능 나형 03번.png	898	176
2017 수능	나형	4	1	평가원 수학/2017 수능/2017 수능 나형.pdf	평가원 수학/2017 수능/Questions/나형/2017 수능 나형 04번.png	933	451
2017 수능	나형	5	2	평가원 수학/2017 수능/2017 수능 나형.pdf	평가원 수학/2017 수능/Questions/나형/2017 수능 나형 05번.png	1012	310
2017 수능	나형	6	2	평가원 수학/2017 수능/2017 수능 나형.pdf	평가원 수학/2017 수능/Questions/나형/2017 수능 나형 06번.png	898	695
2017 수능	나형	7	2	평가원 수학/2017 수능/2017 수능 나형.pdf	평가원 수학/2017 수능/Questions/나형/2017 수능 나형 07번.png	897	512
2017 수능	나형	8	3	평가원 수학/2017 수능/2017 수능 나형.pdf	평가원 수학/2017 수능/Questions/나형/2017 수능 나형 08번.png	927	940
2017 수능	나형	9	3	평가원 수학/2017 수능/2017 수능 나형.pdf	평가원 수학/2017 수능/Questions/나형/2017 수능 나형 09번.png	912	224
2017 수능	나형	10	3	평가원 수학/2017 수능/2017 수능 나형.pdf	평가원 수학/2017 수능/Questions/나형/2017 수능 나형 10번.png	894	270
2017 수능	나형	11	4	평가원 수학/2017 수능/2017 수능 나형.pdf	평가원 수학/2017 수능/Questions/나형/2017 수능 나형 11번.png	953	273
2017 수능	나형	12	4	평가원 수학/2017 수능/2017 수능 나형.pdf	평가원 수학/2017 수능/Questions/나형/2017 수능 나형 12번.png	914	418
2017 수능	나형	13	5	평가원 수학/2017 수능/2017 수능 나형.pdf	평가원 수학/2017 수능/Questions/나형/2017 수능 나형 13번.png	1005	501
2017 수능	나형	14	5	평가원 수학/2017 수능/2017 수능 나형.pdf	평가원 수학/2017 수능/Questions/나형/2017 수능 나형 14번.png	948	674
2017 수능	나형	15	6	평가원 수학/2017 수능/2017 수능 나형.pdf	평가원 수학/2017 수능/Questions/나형/2017 수능 나형 15번.png	1014	460
2017 수능	나형	16	6	평가원 수학/2017 수능/2017 수능 나형.pdf	평가원 수학/2017 수능/Questions/나형/2017 수능 나형 16번.png	942	638
2017 수능	나형	17	7	평가원 수학/2017 수능/2017 수능 나형.pdf	평가원 수학/2017 수능/Questions/나형/2017 수능 나형 17번.png	1012	2608
2017 수능	나형	18	7	평가원 수학/2017 수능/2017 수능 나형.pdf	평가원 수학/2017 수능/Questions/나형/2017 수능 나형 18번.png	940	467
2017 수능	나형	19	8	평가원 수학/2017 수능/2017 수능 나형.pdf	평가원 수학/2017 수능/Questions/나형/2017 수능 나형 19번.png	1014	1865
2017 수능	나형	20	8	평가원 수학/2017 수능/2017 수능 나형.pdf	평가원 수학/2017 수능/Questions/나형/2017 수능 나형 20번.png	1016	1096
2017 수능	나형	21	9	평가원 수학/2017 수능/2017 수능 나형.pdf	평가원 수학/2017 수능/Questions/나형/2017 수능 나형 21번.png	1014	802
2017 수능	나형	22	9	평가원 수학/2017 수능/2017 수능 나형.pdf	평가원 수학/2017 수능/Questions/나형/2017 수능 나형 22번.png	627	86
2017 수능	나형	23	9	평가원 수학/2017 수능/2017 수능 나형.pdf	평가원 수학/2017 수능/Questions/나형/2017 수능 나형 23번.png	1015	146
2017 수능	나형	24	10	평가원 수학/2017 수능/2017 수능 나형.pdf	평가원 수학/2017 수능/Questions/나형/2017 수능 나형 24번.png	976	460
2017 수능	나형	25	10	평가원 수학/2017 수능/2017 수능 나형.pdf	평가원 수학/2017 수능/Questions/나형/2017 수능 나형 25번.png	1015	170
2017 수능	나형	26	10	평가원 수학/2017 수능/2017 수능 나형.pdf	평가원 수학/2017 수능/Questions/나형/2017 수능 나형 26번.png	943	245
2017 수능	나형	27	11	평가원 수학/2017 수능/2017 수능 나형.pdf	평가원 수학/2017 수능/Questions/나형/2017 수능 나형 27번.png	1016	352
2017 수능	나형	28	11	평가원 수학/2017 수능/2017 수능 나형.pdf	평가원 수학/2017 수능/Questions/나형/2017 수능 나형 28번.png	996	757
2017 수능	나형	29	12	평가원 수학/2017 수능/2017 수능 나형.pdf	평가원 수학/2017 수능/Questions/나형/2017 수능 나형 29번.png	1011	664
2017 수능	나형	30	12	평가원 수학/2017 수능/2017 수능 나형.pdf	평가원 수학/2017 수능/Questions/나형/2017 수능 나형 30번.png	1010	264
2017 9모	가형	1	1	평가원 수학/2017 9모/2017 9모 가형.pdf	평가원 수학/2017 9모/Questions/가형/2017 9모 가형 01번.png	968	243
2017 9모	가형	2	1	평가원 수학/2017 9모/2017 9모 가형.pdf	평가원 수학/2017 9모/Questions/가형/2017 9모 가형 02번.png	917	179
2017 9모	가형	3	1	평가원 수학/2017 9모/2017 9모 가형.pdf	평가원 수학/2017 9모/Questions/가형/2017 9모 가형 03번.png	942	289
2017 9모	가형	4	1	평가원 수학/2017 9모/2017 9모 가형.pdf	평가원 수학/2017 9모/Questions/가형/2017 9모 가형 04번.png	912	446
2017 9모	가형	5	2	평가원 수학/2017 9모/2017 9모 가형.pdf	평가원 수학/2017 9모/Questions/가형/2017 9모 가형 05번.png	1016	363
2017 9모	가형	6	2	평가원 수학/2017 9모/2017 9모 가형.pdf	평가원 수학/2017 9모/Questions/가형/2017 9모 가형 06번.png	801	282
2017 9모	가형	7	2	평가원 수학/2017 9모/2017 9모 가형.pdf	평가원 수학/2017 9모/Questions/가형/2017 9모 가형 07번.png	805	507
2017 9모	가형	8	3	평가원 수학/2017 9모/2017 9모 가형.pdf	평가원 수학/2017 9모/Questions/가형/2017 9모 가형 08번.png	930	384
2017 9모	가형	9	3	평가원 수학/2017 9모/2017 9모 가형.pdf	평가원 수학/2017 9모/Questions/가형/2017 9모 가형 09번.png	965	423
2017 9모	가형	10	3	평가원 수학/2017 9모/2017 9모 가형.pdf	평가원 수학/2017 9모/Questions/가형/2017 9모 가형 10번.png	1011	627
2017 9모	가형	11	4	평가원 수학/2017 9모/2017 9모 가형.pdf	평가원 수학/2017 9모/Questions/가형/2017 9모 가형 11번.png	1013	377
2017 9모	가형	12	4	평가원 수학/2017 9모/2017 9모 가형.pdf	평가원 수학/2017 9모/Questions/가형/2017 9모 가형 12번.png	1003	328
2017 9모	가형	13	5	평가원 수학/2017 9모/2017 9모 가형.pdf	평가원 수학/2017 9모/Questions/가형/2017 9모 가형 13번.png	975	1005
2017 9모	가형	14	5	평가원 수학/2017 9모/2017 9모 가형.pdf	평가원 수학/2017 9모/Questions/가형/2017 9모 가형 14번.png	814	597
2017 9모	가형	15	6	평가원 수학/2017 9모/2017 9모 가형.pdf	평가원 수학/2017 9모/Questions/가형/2017 9모 가형 15번.png	911	233
2017 9모	가형	16	6	평가원 수학/2017 9모/2017 9모 가형.pdf	평가원 수학/2017 9모/Questions/가형/2017 9모 가형 16번.png	1012	929
2017 9모	가형	17	7	평가원 수학/2017 9모/2017 9모 가형.pdf	평가원 수학/2017 9모/Questions/가형/2017 9모 가형 17번.png	1014	1920
2017 9모	가형	18	7	평가원 수학/2017 9모/2017 9모 가형.pdf	평가원 수학/2017 9모/Questions/가형/2017 9모 가형 18번.png	985	305
2017 9모	가형	19	8	평가원 수학/2017 9모/2017 9모 가형.pdf	평가원 수학/2017 9모/Questions/가형/2017 9모 가형 19번.png	982	289
2017 9모	가형	20	8	평가원 수학/2017 9모/2017 9모 가형.pdf	평가원 수학/2017 9모/Questions/가형/2017 9모 가형 20번.png	1007	1382
2017 9모	가형	21	9	평가원 수학/2017 9모/2017 9모 가형.pdf	평가원 수학/2017 9모/Questions/가형/2017 9모 가형 21번.png	1016	719
2017 9모	가형	22	9	평가원 수학/2017 9모/2017 9모 가형.pdf	평가원 수학/2017 9모/Questions/가형/2017 9모 가형 22번.png	533	86
2017 9모	가형	23	9	평가원 수학/2017 9모/2017 9모 가형.pdf	평가원 수학/2017 9모/Questions/가형/2017 9모 가형 23번.png	1014	147
2017 9모	가형	24	10	평가원 수학/2017 9모/2017 9모 가형.pdf	평가원 수학/2017 9모/Questions/가형/2017 9모 가형 24번.png	937	300
2017 9모	가형	25	10	평가원 수학/2017 9모/2017 9모 가형.pdf	평가원 수학/2017 9모/Questions/가형/2017 9모 가형 25번.png	1011	213
2017 9모	가형	26	10	평가원 수학/2017 9모/2017 9모 가형.pdf	평가원 수학/2017 9모/Questions/가형/2017 9모 가형 26번.png	1017	245
2017 9모	가형	27	11	평가원 수학/2017 9모/2017 9모 가형.pdf	평가원 수학/2017 9모/Questions/가형/2017 9모 가형 27번.png	1016	1272
2017 9모	가형	28	11	평가원 수학/2017 9모/2017 9모 가형.pdf	평가원 수학/2017 9모/Questions/가형/2017 9모 가형 28번.png	1009	536
2017 9모	가형	29	12	평가원 수학/2017 9모/2017 9모 가형.pdf	평가원 수학/2017 9모/Questions/가형/2017 9모 가형 29번.png	1012	1034
2017 9모	가형	30	12	평가원 수학/2017 9모/2017 9모 가형.pdf	평가원 수학/2017 9모/Questions/가형/2017 9모 가형 30번.png	934	399
2017 9모	나형	1	1	평가원 수학/2017 9모/2017 9모 나형.pdf	평가원 수학/2017 9모/Questions/나형/2017 9모 나형 01번.png	910	205
2017 9모	나형	2	1	평가원 수학/2017 9모/2017 9모 나형.pdf	평가원 수학/2017 9모/Questions/나형/2017 9모 나형 02번.png	896	361
2017 9모	나형	3	1	평가원 수학/2017 9모/2017 9모 나형.pdf	평가원 수학/2017 9모/Questions/나형/2017 9모 나형 03번.png	928	268
2017 9모	나형	4	1	평가원 수학/2017 9모/2017 9모 나형.pdf	평가원 수학/2017 9모/Questions/나형/2017 9모 나형 04번.png	898	176
2017 9모	나형	5	2	평가원 수학/2017 9모/2017 9모 나형.pdf	평가원 수학/2017 9모/Questions/나형/2017 9모 나형 05번.png	952	666
2017 9모	나형	6	2	평가원 수학/2017 9모/2017 9모 나형.pdf	평가원 수학/2017 9모/Questions/나형/2017 9모 나형 06번.png	940	426
2017 9모	나형	7	2	평가원 수학/2017 9모/2017 9모 나형.pdf	평가원 수학/2017 9모/Questions/나형/2017 9모 나형 07번.png	911	446
2017 9모	나형	8	3	평가원 수학/2017 9모/2017 9모 나형.pdf	평가원 수학/2017 9모/Questions/나형/2017 9모 나형 08번.png	897	834
2017 9모	나형	9	3	평가원 수학/2017 9모/2017 9모 나형.pdf	평가원 수학/2017 9모/Questions/나형/2017 9모 나형 09번.png	914	423
2017 9모	나형	10	3	평가원 수학/2017 9모/2017 9모 나형.pdf	평가원 수학/2017 9모/Questions/나형/2017 9모 나형 10번.png	894	415
2017 9모	나형	11	4	평가원 수학/2017 9모/2017 9모 나형.pdf	평가원 수학/2017 9모/Questions/나형/2017 9모 나형 11번.png	925	1019
2017 9모	나형	12	4	평가원 수학/2017 9모/2017 9모 나형.pdf	평가원 수학/2017 9모/Questions/나형/2017 9모 나형 12번.png	921	362
2017 9모	나형	13	5	평가원 수학/2017 9모/2017 9모 나형.pdf	평가원 수학/2017 9모/Questions/나형/2017 9모 나형 13번.png	1014	869
2017 9모	나형	14	5	평가원 수학/2017 9모/2017 9모 나형.pdf	평가원 수학/2017 9모/Questions/나형/2017 9모 나형 14번.png	915	423
2017 9모	나형	15	6	평가원 수학/2017 9모/2017 9모 나형.pdf	평가원 수학/2017 9모/Questions/나형/2017 9모 나형 15번.png	1012	571
2017 9모	나형	16	6	평가원 수학/2017 9모/2017 9모 나형.pdf	평가원 수학/2017 9모/Questions/나형/2017 9모 나형 16번.png	1008	1788
2017 9모	나형	17	7	평가원 수학/2017 9모/2017 9모 나형.pdf	평가원 수학/2017 9모/Questions/나형/2017 9모 나형 17번.png	1004	1032
2017 9모	나형	18	7	평가원 수학/2017 9모/2017 9모 나형.pdf	평가원 수학/2017 9모/Questions/나형/2017 9모 나형 18번.png	1013	1920
2017 9모	나형	19	8	평가원 수학/2017 9모/2017 9모 나형.pdf	평가원 수학/2017 9모/Questions/나형/2017 9모 나형 19번.png	911	233
2017 9모	나형	20	8	평가원 수학/2017 9모/2017 9모 나형.pdf	평가원 수학/2017 9모/Questions/나형/2017 9모 나형 20번.png	1016	940
2017 9모	나형	21	9	평가원 수학/2017 9모/2017 9모 나형.pdf	평가원 수학/2017 9모/Questions/나형/2017 9모 나형 21번.png	1016	1229
2017 9모	나형	22	9	평가원 수학/2017 9모/2017 9모 나형.pdf	평가원 수학/2017 9모/Questions/나형/2017 9모 나형 22번.png	533	86
2017 9모	나형	23	9	평가원 수학/2017 9모/2017 9모 나형.pdf	평가원 수학/2017 9모/Questions/나형/2017 9모 나형 23번.png	774	128
2017 9모	나형	24	10	평가원 수학/2017 9모/2017 9모 나형.pdf	평가원 수학/2017 9모/Questions/나형/2017 9모 나형 24번.png	1015	145
2017 9모	나형	25	10	평가원 수학/2017 9모/2017 9모 나형.pdf	평가원 수학/2017 9모/Questions/나형/2017 9모 나형 25번.png	992	334
2017 9모	나형	26	10	평가원 수학/2017 9모/2017 9모 나형.pdf	평가원 수학/2017 9모/Questions/나형/2017 9모 나형 26번.png	938	300
2017 9모	나형	27	11	평가원 수학/2017 9모/2017 9모 나형.pdf	평가원 수학/2017 9모/Questions/나형/2017 9모 나형 27번.png	1015	389
2017 9모	나형	28	11	평가원 수학/2017 9모/2017 9모 나형.pdf	평가원 수학/2017 9모/Questions/나형/2017 9모 나형 28번.png	642	328
2017 9모	나형	29	12	평가원 수학/2017 9모/2017 9모 나형.pdf	평가원 수학/2017 9모/Questions/나형/2017 9모 나형 29번.png	987	1099
2017 9모	나형	30	12	평가원 수학/2017 9모/2017 9모 나형.pdf	평가원 수학/2017 9모/Questions/나형/2017 9모 나형 30번.png	1017	740
2017 6모	가형	1	1	평가원 수학/2017 6모/2017 6모 가형.pdf	평가원 수학/2017 6모/Questions/가형/2017 6모 가형 01번.png	1013	245
2017 6모	가형	2	1	평가원 수학/2017 6모/2017 6모 가형.pdf	평가원 수학/2017 6모/Questions/가형/2017 6모 가형 02번.png	772	361
2017 6모	가형	3	1	평가원 수학/2017 6모/2017 6모 가형.pdf	평가원 수학/2017 6모/Questions/가형/2017 6모 가형 03번.png	914	176
2017 6모	가형	4	1	평가원 수학/2017 6모/2017 6모 가형.pdf	평가원 수학/2017 6모/Questions/가형/2017 6모 가형 04번.png	912	267
2017 6모	가형	5	2	평가원 수학/2017 6모/2017 6모 가형.pdf	평가원 수학/2017 6모/Questions/가형/2017 6모 가형 05번.png	914	177
2017 6모	가형	6	2	평가원 수학/2017 6모/2017 6모 가형.pdf	평가원 수학/2017 6모/Questions/가형/2017 6모 가형 06번.png	928	263
2017 6모	가형	7	2	평가원 수학/2017 6모/2017 6모 가형.pdf	평가원 수학/2017 6모/Questions/가형/2017 6모 가형 07번.png	911	254
2017 6모	가형	8	3	평가원 수학/2017 6모/2017 6모 가형.pdf	평가원 수학/2017 6모/Questions/가형/2017 6모 가형 08번.png	1016	177
2017 6모	가형	9	3	평가원 수학/2017 6모/2017 6모 가형.pdf	평가원 수학/2017 6모/Questions/가형/2017 6모 가형 09번.png	983	450
2017 6모	가형	10	3	평가원 수학/2017 6모/2017 6모 가형.pdf	평가원 수학/2017 6모/Questions/가형/2017 6모 가형 10번.png	894	233
2017 6모	가형	11	4	평가원 수학/2017 6모/2017 6모 가형.pdf	평가원 수학/2017 6모/Questions/가형/2017 6모 가형 11번.png	1013	291
2017 6모	가형	12	4	평가원 수학/2017 6모/2017 6모 가형.pdf	평가원 수학/2017 6모/Questions/가형/2017 6모 가형 12번.png	933	557
2017 6모	가형	13	5	평가원 수학/2017 6모/2017 6모 가형.pdf	평가원 수학/2017 6모/Questions/가형/2017 6모 가형 13번.png	1013	236
2017 6모	가형	14	5	평가원 수학/2017 6모/2017 6모 가형.pdf	평가원 수학/2017 6모/Questions/가형/2017 6모 가형 14번.png	994	338
2017 6모	가형	15	6	평가원 수학/2017 6모/2017 6모 가형.pdf	평가원 수학/2017 6모/Questions/가형/2017 6모 가형 15번.png	893	393
2017 6모	가형	16	6	평가원 수학/2017 6모/2017 6모 가형.pdf	평가원 수학/2017 6모/Questions/가형/2017 6모 가형 16번.png	889	362
2017 6모	가형	17	7	평가원 수학/2017 6모/2017 6모 가형.pdf	평가원 수학/2017 6모/Questions/가형/2017 6모 가형 17번.png	1014	2038
2017 6모	가형	18	7	평가원 수학/2017 6모/2017 6모 가형.pdf	평가원 수학/2017 6모/Questions/가형/2017 6모 가형 18번.png	973	976
2017 6모	가형	19	8	평가원 수학/2017 6모/2017 6모 가형.pdf	평가원 수학/2017 6모/Questions/가형/2017 6모 가형 19번.png	996	450
2017 6모	가형	20	8	평가원 수학/2017 6모/2017 6모 가형.pdf	평가원 수학/2017 6모/Questions/가형/2017 6모 가형 20번.png	1015	1017
2017 6모	가형	21	9	평가원 수학/2017 6모/2017 6모 가형.pdf	평가원 수학/2017 6모/Questions/가형/2017 6모 가형 21번.png	1016	989
2017 6모	가형	22	9	평가원 수학/2017 6모/2017 6모 가형.pdf	평가원 수학/2017 6모/Questions/가형/2017 6모 가형 22번.png	650	125
2017 6모	가형	23	9	평가원 수학/2017 6모/2017 6모 가형.pdf	평가원 수학/2017 6모/Questions/가형/2017 6모 가형 23번.png	973	154
2017 6모	가형	24	10	평가원 수학/2017 6모/2017 6모 가형.pdf	평가원 수학/2017 6모/Questions/가형/2017 6모 가형 24번.png	992	199
2017 6모	가형	25	10	평가원 수학/2017 6모/2017 6모 가형.pdf	평가원 수학/2017 6모/Questions/가형/2017 6모 가형 25번.png	1015	168
2017 6모	가형	26	10	평가원 수학/2017 6모/2017 6모 가형.pdf	평가원 수학/2017 6모/Questions/가형/2017 6모 가형 26번.png	1016	152
2017 6모	가형	27	11	평가원 수학/2017 6모/2017 6모 가형.pdf	평가원 수학/2017 6모/Questions/가형/2017 6모 가형 27번.png	1013	255
2017 6모	가형	28	11	평가원 수학/2017 6모/2017 6모 가형.pdf	평가원 수학/2017 6모/Questions/가형/2017 6모 가형 28번.png	1017	860
2017 6모	가형	29	12	평가원 수학/2017 6모/2017 6모 가형.pdf	평가원 수학/2017 6모/Questions/가형/2017 6모 가형 29번.png	1007	713
2017 6모	가형	30	12	평가원 수학/2017 6모/2017 6모 가형.pdf	평가원 수학/2017 6모/Questions/가형/2017 6모 가형 30번.png	1017	781
2017 6모	나형	1	1	평가원 수학/2017 6모/2017 6모 나형.pdf	평가원 수학/2017 6모/Questions/나형/2017 6모 나형 01번.png	894	205
2017 6모	나형	2	1	평가원 수학/2017 6모/2017 6모 나형.pdf	평가원 수학/2017 6모/Questions/나형/2017 6모 나형 02번.png	948	233
2017 6모	나형	3	1	평가원 수학/2017 6모/2017 6모 나형.pdf	평가원 수학/2017 6모/Questions/나형/2017 6모 나형 03번.png	912	267
2017 6모	나형	4	1	평가원 수학/2017 6모/2017 6모 나형.pdf	평가원 수학/2017 6모/Questions/나형/2017 6모 나형 04번.png	898	179
2017 6모	나형	5	2	평가원 수학/2017 6모/2017 6모 나형.pdf	평가원 수학/2017 6모/Questions/나형/2017 6모 나형 05번.png	898	644
2017 6모	나형	6	2	평가원 수학/2017 6모/2017 6모 나형.pdf	평가원 수학/2017 6모/Questions/나형/2017 6모 나형 06번.png	928	255
2017 6모	나형	7	2	평가원 수학/2017 6모/2017 6모 나형.pdf	평가원 수학/2017 6모/Questions/나형/2017 6모 나형 07번.png	943	294
2017 6모	나형	8	3	평가원 수학/2017 6모/2017 6모 나형.pdf	평가원 수학/2017 6모/Questions/나형/2017 6모 나형 08번.png	932	226
2017 6모	나형	9	3	평가원 수학/2017 6모/2017 6모 나형.pdf	평가원 수학/2017 6모/Questions/나형/2017 6모 나형 09번.png	960	448
2017 6모	나형	10	3	평가원 수학/2017 6모/2017 6모 나형.pdf	평가원 수학/2017 6모/Questions/나형/2017 6모 나형 10번.png	1004	909
2017 6모	나형	11	4	평가원 수학/2017 6모/2017 6모 나형.pdf	평가원 수학/2017 6모/Questions/나형/2017 6모 나형 11번.png	1013	177
2017 6모	나형	12	4	평가원 수학/2017 6모/2017 6모 나형.pdf	평가원 수학/2017 6모/Questions/나형/2017 6모 나형 12번.png	910	374
2017 6모	나형	13	5	평가원 수학/2017 6모/2017 6모 나형.pdf	평가원 수학/2017 6모/Questions/나형/2017 6모 나형 13번.png	894	362
2017 6모	나형	14	5	평가원 수학/2017 6모/2017 6모 나형.pdf	평가원 수학/2017 6모/Questions/나형/2017 6모 나형 14번.png	954	233
2017 6모	나형	15	6	평가원 수학/2017 6모/2017 6모 나형.pdf	평가원 수학/2017 6모/Questions/나형/2017 6모 나형 15번.png	937	356
2017 6모	나형	16	6	평가원 수학/2017 6모/2017 6모 나형.pdf	평가원 수학/2017 6모/Questions/나형/2017 6모 나형 16번.png	1012	898
2017 6모	나형	17	7	평가원 수학/2017 6모/2017 6모 나형.pdf	평가원 수학/2017 6모/Questions/나형/2017 6모 나형 17번.png	1005	1885
2017 6모	나형	18	7	평가원 수학/2017 6모/2017 6모 나형.pdf	평가원 수학/2017 6모/Questions/나형/2017 6모 나형 18번.png	1002	1166
2017 6모	나형	19	8	평가원 수학/2017 6모/2017 6모 나형.pdf	평가원 수학/2017 6모/Questions/나형/2017 6모 나형 19번.png	1014	1412
2017 6모	나형	20	8	평가원 수학/2017 6모/2017 6모 나형.pdf	평가원 수학/2017 6모/Questions/나형/2017 6모 나형 20번.png	956	444
2017 6모	나형	21	9	평가원 수학/2017 6모/2017 6모 나형.pdf	평가원 수학/2017 6모/Questions/나형/2017 6모 나형 21번.png	1016	1239
2017 6모	나형	22	9	평가원 수학/2017 6모/2017 6모 나형.pdf	평가원 수학/2017 6모/Questions/나형/2017 6모 나형 22번.png	535	87
2017 6모	나형	23	9	평가원 수학/2017 6모/2017 6모 나형.pdf	평가원 수학/2017 6모/Questions/나형/2017 6모 나형 23번.png	1015	145
2017 6모	나형	24	10	평가원 수학/2017 6모/2017 6모 나형.pdf	평가원 수학/2017 6모/Questions/나형/2017 6모 나형 24번.png	992	198
2017 6모	나형	25	10	평가원 수학/2017 6모/2017 6모 나형.pdf	평가원 수학/2017 6모/Questions/나형/2017 6모 나형 25번.png	849	198
2017 6모	나형	26	10	평가원 수학/2017 6모/2017 6모 나형.pdf	평가원 수학/2017 6모/Questions/나형/2017 6모 나형 26번.png	968	182
2017 6모	나형	27	11	평가원 수학/2017 6모/2017 6모 나형.pdf	평가원 수학/2017 6모/Questions/나형/2017 6모 나형 27번.png	1016	742
2017 6모	나형	28	11	평가원 수학/2017 6모/2017 6모 나형.pdf	평가원 수학/2017 6모/Questions/나형/2017 6모 나형 28번.png	957	245
2017 6모	나형	29	12	평가원 수학/2017 6모/2017 6모 나형.pdf	평가원 수학/2017 6모/Questions/나형/2017 6모 나형 29번.png	972	1114
2017 6모	나형	30	12	평가원 수학/2017 6모/2017 6모 나형.pdf	평가원 수학/2017 6모/Questions/나형/2017 6모 나형 30번.png	1017	394
